1.937000000000000055e+00,-1.117260388200000065e+01,1.496199999999999974e+01,1.999999920000000042e+00,9.101894109999999927e+00,-3.626996103599999799e+00
0.000000000000000000e+00,-3.888189711999999965e+00,2.262399999999999878e+01,0.000000000000000000e+00,3.806029119999999821e+00,-2.025327859999999924e-01
0.000000000000000000e+00,-6.717626474290000260e+00,1.273428571430000034e+01,2.857138571430000162e-01,3.029595880000000019e+00,-2.721396777959999902e+00
3.100999999999999979e+00,-4.194371758750000012e+00,4.680375000000000085e+01,0.000000000000000000e+00,6.393525300000000300e-01,-1.577543870970000039e+00
0.000000000000000000e+00,-5.666458921670000315e+00,1.937500000000000000e+01,7.157715500000000342e-01,9.296684210000000448e+00,-5.366663428409999825e-02
0.000000000000000000e+00,-4.613458505999999737e+00,2.058699999999999974e+01,0.000000000000000000e+00,3.898330849999999792e+00,-2.469022060000000129e-01
0.000000000000000000e+00,-4.577217313750000294e+00,2.320749999999999957e+01,0.000000000000000000e+00,4.624303140000000312e+00,-4.157973154169999908e-01
0.000000000000000000e+00,-2.744074128329999862e+00,1.864166666670000083e+01,0.000000000000000000e+00,3.352759170000000122e+00,-3.835560338890000032e-01
0.000000000000000000e+00,-5.087712993330000266e+00,1.283500000000000085e+01,1.383702916669999894e-01,4.985249760000000308e+00,-2.830557383330000176e-01
0.000000000000000000e+00,-5.403973553120000162e+00,2.588562500000000099e+01,0.000000000000000000e+00,3.721528409999999898e+00,-1.430602843750000130e-01
1.350000000000000089e+00,-3.542265052499999900e+00,2.098999999999999844e+01,0.000000000000000000e+00,2.478521690000000000e+00,-1.000121386630000053e+00
0.000000000000000000e+00,-4.879022563330000395e+00,1.707833333330000158e+01,0.000000000000000000e+00,4.043382669999999735e+00,-2.703860916670000059e-01
0.000000000000000000e+00,-5.738984870830000418e+00,1.358166666670000033e+01,0.000000000000000000e+00,4.731065980000000337e+00,-4.383330070829999925e-01
0.000000000000000000e+00,-5.557843217500000321e+00,1.923375000000000057e+01,0.000000000000000000e+00,3.816117919999999941e+00,-5.028640599999999461e-01
0.000000000000000000e+00,-4.414537476249999592e+00,2.199374999999999858e+01,0.000000000000000000e+00,3.664827879999999816e+00,-2.175202487500000059e-01
0.000000000000000000e+00,-4.518756448120000435e+00,2.268812499999999943e+01,0.000000000000000000e+00,4.618630470000000265e+00,-4.091056431249999736e-01
0.000000000000000000e+00,-5.873844974999999913e+00,2.662833333329999874e+01,0.000000000000000000e+00,4.120414959999999738e+00,-3.156374183330000194e-01
0.000000000000000000e+00,-7.459741491249999967e+00,1.109875000000000078e+01,1.900123125000000024e-01,9.800808650000000455e+00,-7.367367640380000360e-01
0.000000000000000000e+00,-4.741919421999999606e+00,2.098699999999999832e+01,0.000000000000000000e+00,4.203817319999999746e+00,-3.099945960000000111e-01
0.000000000000000000e+00,-5.694869011669999814e+00,1.341833333329999967e+01,2.196581499999999965e-01,4.697880689999999859e+00,-2.792066466670000136e-01
0.000000000000000000e+00,-9.796592121250000673e+00,1.487374999999999936e+01,0.000000000000000000e+00,9.396274319999999847e+00,-3.057817924999999826e-01
0.000000000000000000e+00,-4.151364556669999928e+00,2.460000000000000142e+01,0.000000000000000000e+00,7.107629440000000187e+00,-3.445713622220000216e-01
0.000000000000000000e+00,-6.973778197499999720e+00,1.951000000000000156e+01,6.710000000000000469e-05,4.025328850000000180e+00,-2.012837375000000040e-01
0.000000000000000000e+00,-6.464567575000000232e+00,2.516750000000000043e+01,4.013999999999999990e-04,6.006868110000000094e+00,-2.164259775790000173e+00
0.000000000000000000e+00,-4.261240394999999737e+00,1.669166666670000154e+01,0.000000000000000000e+00,3.976306960000000057e+00,-2.816648894439999773e-01
0.000000000000000000e+00,-5.470191352499999660e+00,2.210500000000000043e+01,0.000000000000000000e+00,4.130546930000000394e+00,-3.101140875000000241e-01
0.000000000000000000e+00,-4.375434890000000188e+00,2.348124999999999929e+01,0.000000000000000000e+00,3.968542999999999932e+00,-1.468226549999999964e-01
0.000000000000000000e+00,-7.687856507500000269e+00,1.132375000000000043e+01,5.011867500000000142e-01,9.736045850000000002e+00,-4.651148798279999830e-01
3.430000000000000271e-01,-7.952356692500000435e+00,1.330375000000000085e+01,0.000000000000000000e+00,1.000029018000000036e+01,-6.425809049999999800e-01
0.000000000000000000e+00,-9.206938544999999863e+00,1.381124999999999936e+01,0.000000000000000000e+00,9.657095990000000185e+00,-2.859656600000000104e-01
0.000000000000000000e+00,-8.039762007500000252e+00,1.060500000000000043e+01,0.000000000000000000e+00,4.453921560000000390e+00,-8.308380463879999622e-01
0.000000000000000000e+00,-7.352334471249999837e+00,1.487625000000000064e+01,0.000000000000000000e+00,6.574998449999999828e+00,-7.698005847219999698e-01
2.443000000000000060e+00,-4.803145289999999790e+00,7.442499999999999893e+00,0.000000000000000000e+00,2.097559289999999965e+00,-1.630626959290000011e+00
0.000000000000000000e+00,-4.387151983749999928e+00,2.197625000000000028e+01,0.000000000000000000e+00,3.966758700000000193e+00,-1.656489037499999928e-01
1.530000000000000027e+00,-4.849750107500000240e+00,2.167749999999999844e+01,7.500003374999999473e-01,2.062778670000000147e+00,-1.381200058599999947e+00
2.240000000000000213e+00,-2.503710944999999910e+00,4.198749999999999716e+01,0.000000000000000000e+00,1.437400119999999948e+00,-3.403107222199999726e-01
0.000000000000000000e+00,-5.061498752500000364e+00,2.133249999999999957e+01,0.000000000000000000e+00,7.376704430000000201e+00,-3.992956475000000172e-01
0.000000000000000000e+00,-7.295430032499999662e+00,7.717500000000000249e+00,0.000000000000000000e+00,7.563838050000000202e+00,-4.163863829169999753e-01
7.698999999999999844e+00,-6.988922337500000026e+00,6.913750000000000284e+00,0.000000000000000000e+00,2.532323129999999978e+00,-2.614451195740000067e+00
0.000000000000000000e+00,-3.798026652499999933e+00,2.488374999999999915e+01,0.000000000000000000e+00,2.748560030000000154e+00,-5.308903525310000315e-01
0.000000000000000000e+00,-4.233606813329999774e+00,2.059666666669999913e+01,0.000000000000000000e+00,3.994548089999999885e+00,-3.276686211109999802e-01
5.170000000000000151e-01,-3.741040717999999821e+00,3.562400000000000233e+01,0.000000000000000000e+00,5.581066469999999669e+00,-2.667814539999999734e-01
0.000000000000000000e+00,-1.689016914620000032e+00,1.479153846150000007e+01,0.000000000000000000e+00,3.753394600000000025e+00,-1.883079394870000034e-01
3.998000000000000220e+00,-5.020144000000000162e+00,2.607124999999999915e+01,0.000000000000000000e+00,2.405289610000000078e+00,-2.696136539849999902e+00
0.000000000000000000e+00,-4.603992004370000224e+00,2.370312500000000000e+01,0.000000000000000000e+00,4.726504079999999774e+00,-4.166715960419999920e-01
0.000000000000000000e+00,-3.853491102860000073e+00,2.137142857139999919e+01,0.000000000000000000e+00,3.938766209999999823e+00,-2.780184328570000085e-01
4.159999999999999809e-01,-4.095835831999999677e+00,2.952799999999999869e+01,0.000000000000000000e+00,4.533245130000000067e+00,-4.238829259999999932e-01
0.000000000000000000e+00,-5.536024827500000356e+00,1.920749999999999957e+01,0.000000000000000000e+00,4.048043390000000130e+00,-4.620853158329999988e-01
0.000000000000000000e+00,-6.225434381250000371e+00,9.851250000000000284e+00,0.000000000000000000e+00,5.504736989999999608e+00,-4.861924488259999899e-02
0.000000000000000000e+00,-4.855245650829999704e+00,1.325333333330000052e+01,6.639666666670000252e-04,3.994172690000000081e+00,-3.269762033329999817e-01
1.687999999999999945e+00,-4.118202381669999745e+00,2.844166666670000154e+01,0.000000000000000000e+00,1.316417289999999962e+00,-2.656612600000000102e-01
2.129000000000000004e+00,-2.529839717499999807e+00,4.508500000000000085e+01,0.000000000000000000e+00,1.862636799999999981e+00,-4.998211884700000107e-01
0.000000000000000000e+00,-4.829910375999999950e+00,2.203800000000000026e+01,0.000000000000000000e+00,7.052655490000000249e+00,-3.319076120000000185e-01
2.092999999999999972e+00,-3.928935542000000058e+00,1.194999999999999929e+01,0.000000000000000000e+00,9.512697599999999643e-01,-2.160160043009999864e+00
4.682000000000000384e+00,-4.586796657499999874e+00,1.161500000000000021e+01,0.000000000000000000e+00,4.921297850000000196e+00,-2.579672094070000199e+00
2.966000000000000192e+00,-4.050360588750000268e+00,1.752625000000000099e+01,0.000000000000000000e+00,1.093236270000000010e+00,-1.264015856369999913e+00
0.000000000000000000e+00,-5.994623997499999746e+00,1.188250000000000028e+01,0.000000000000000000e+00,8.631026090000000650e+00,-5.090027099999999693e-01
0.000000000000000000e+00,-7.806906303749999942e+00,1.127250000000000085e+01,2.201937499999999902e-03,9.800774049999999349e+00,-7.163611313650000145e-01
4.355999999999999872e+00,-5.244240732499999780e+00,2.806374999999999886e+01,0.000000000000000000e+00,-3.515573900000000251e-01,-2.535969874850000139e+00
0.000000000000000000e+00,-4.634441619999999595e+00,2.471687500000000171e+01,0.000000000000000000e+00,4.587296629999999986e+00,-4.050402424999999806e-01
0.000000000000000000e+00,-4.615147147500000102e+00,2.400250000000000128e+01,0.000000000000000000e+00,4.729615319999999734e+00,-4.152249324999999769e-01
0.000000000000000000e+00,-4.590126160629999674e+00,2.345437499999999886e+01,0.000000000000000000e+00,4.690953760000000194e+00,-4.166373739579999902e-01
0.000000000000000000e+00,-5.692736384999999899e+00,1.389666666669999984e+01,2.508499999999999988e-04,4.527173949999999891e+00,-2.751609166669999884e-01
0.000000000000000000e+00,-6.455004411250000018e+00,1.972374999999999901e+01,0.000000000000000000e+00,4.033871389999999835e+00,-4.495422387499999894e-01
0.000000000000000000e+00,-6.697121307499999787e+00,2.528750000000000142e+01,1.169099999999999957e-03,8.847104180000000540e+00,-2.321325240789999800e+00
0.000000000000000000e+00,-5.731620744289999791e+00,1.955999999999999872e+01,0.000000000000000000e+00,7.066685500000000175e+00,-4.934653618829999977e-01
1.669000000000000039e+00,-9.545134932859999921e+00,1.667571428569999981e+01,0.000000000000000000e+00,6.800954360000000420e+00,-1.757881144019999953e+00
1.550999999999999934e+00,-5.291320716669999591e+00,2.124333333330000073e+01,1.666664766670000075e+00,2.692158360000000084e+00,-1.313691487530000090e+00
0.000000000000000000e+00,-4.360208256670000004e+00,1.714333333329999931e+01,0.000000000000000000e+00,5.631506800000000146e-01,-1.055663414050000082e+00
4.339999999999999969e-01,-3.984064089999999947e+00,2.565333333330000087e+01,0.000000000000000000e+00,4.498904460000000327e+00,-3.672342147000000057e-01
0.000000000000000000e+00,-5.821378909999999962e+00,3.056333333330000102e+01,0.000000000000000000e+00,5.216811289999999879e+00,-8.785243872219999917e-01
0.000000000000000000e+00,-2.604360613329999907e+00,2.374333333330000073e+01,0.000000000000000000e+00,1.639205330000000016e+00,-5.166064222499999747e-01
0.000000000000000000e+00,-4.331544720000000126e+00,2.037333333329999974e+01,0.000000000000000000e+00,1.241618349999999982e+00,-1.063236065709999956e+00
0.000000000000000000e+00,-6.432338231670000184e+00,1.449333333330000073e+01,5.428666666669999547e-04,5.127875249999999774e+00,-1.690062361109999911e-01
0.000000000000000000e+00,-2.312699363330000146e+00,2.579666666669999842e+01,0.000000000000000000e+00,5.352083839999999704e+00,-7.484128666669999375e-02
2.369000000000000217e+00,-3.724104816670000151e+00,1.340333333330000087e+01,0.000000000000000000e+00,1.062853840000000050e+00,-1.392227310630000048e+00
2.883000000000000007e+00,-3.311721726670000088e+00,2.182666666669999955e+01,0.000000000000000000e+00,6.501111299999999815e-01,-1.196878821639999924e+00
0.000000000000000000e+00,-1.029661829329999989e+01,1.296000000000000085e+01,1.333333533330000042e+00,9.214775850000000545e+00,-3.262753519429999916e+00
4.540000000000000147e-01,-5.102210369999999884e+00,1.860999999999999943e+01,0.000000000000000000e+00,5.831888010000000122e+00,-5.433431777260000484e-01
3.930000000000000160e+00,-6.624812692499999933e+00,1.241750000000000043e+01,0.000000000000000000e+00,1.074323270000000052e+00,-2.585372200639999840e-01
0.000000000000000000e+00,-8.511738493330000210e+00,9.333333333329999704e+00,0.000000000000000000e+00,8.511745949999999894e+00,-6.954992138890000453e-01
3.214999999999999858e+00,-6.849015262500000034e+00,8.612500000000000711e+00,7.499992500000000062e-01,3.929578209999999849e+00,-2.467123242150000006e+00
2.724000000000000199e+00,-3.779721374999999828e+00,2.664000000000000057e+01,0.000000000000000000e+00,1.271112720000000085e+00,-1.273189265000000070e+00
0.000000000000000000e+00,-6.127439322499999896e+00,1.533750000000000036e+01,7.461085750000000516e-01,3.227289519999999801e+00,-2.438128401570000214e+00
6.958999999999999631e+00,-6.875056992500000241e+00,1.479749999999999943e+01,0.000000000000000000e+00,-3.056539729999999899e+00,-4.325894741569999979e+00
0.000000000000000000e+00,-6.560908672500000094e+00,1.363000000000000078e+01,2.500050500000000064e-01,2.257605959999999801e+00,-3.648087252059999841e+00
0.000000000000000000e+00,-6.714144787500000433e+00,1.558249999999999957e+01,0.000000000000000000e+00,5.402078600000000286e+00,-6.593796332950000449e-01
2.091000000000000192e+00,-6.153589977500000252e+00,1.144250000000000078e+01,0.000000000000000000e+00,3.709279070000000011e+00,-6.133189085150000386e-01
1.864999999999999991e+00,-1.592022176670000011e+00,1.675000000000000000e+01,0.000000000000000000e+00,-2.365555360000000107e+00,-7.391246225080000398e-01
0.000000000000000000e+00,-7.351631134169999804e+00,1.420583333329999931e+01,1.401435749999999925e-01,7.453765910000000439e+00,-1.882035104170000084e-01
0.000000000000000000e+00,-4.464142653329999710e+00,3.202666666670000239e+01,1.333338200000000029e+00,4.760866369999999570e+00,-4.060789675290000234e-01
0.000000000000000000e+00,-3.571333710000000217e+00,2.103000000000000114e+01,0.000000000000000000e+00,5.144253130000000063e+00,-2.738194133329999724e-01
0.000000000000000000e+00,-3.789641687500000078e+00,2.233749999999999858e+01,0.000000000000000000e+00,7.317977439999999945e+00,-2.303424795490000010e-01
1.536000000000000032e+00,-6.167892532499999803e+00,8.732499999999999929e+00,1.249999274999999965e+00,3.507516499999999926e+00,-1.945492314340000028e+00
0.000000000000000000e+00,-8.643914730000000546e+00,9.029999999999999361e+00,0.000000000000000000e+00,7.858026970000000055e+00,-8.354353079170000473e-01
0.000000000000000000e+00,-5.753340827499999754e+00,1.934750000000000014e+01,6.069007499999999888e-01,8.482333490000000253e+00,-1.211884987499999983e-01
0.000000000000000000e+00,-4.087805269999999602e+00,1.848000000000000043e+01,1.000112133330000042e+00,3.406951929999999962e+00,-7.569014093150000511e-01
0.000000000000000000e+00,-4.674789536669999634e+00,1.912333333329999974e+01,1.333334699999999984e+00,3.972171340000000050e+00,-9.421872709809999691e-01
0.000000000000000000e+00,-4.765190649170000015e+00,1.281666666669999977e+01,1.679099166669999893e-02,4.851923140000000245e+00,-1.860410395830000008e-01
9.739999999999999769e-01,-5.710593323330000359e+00,2.144333333330000002e+01,0.000000000000000000e+00,5.075027290000000413e+00,-1.891166325980000007e+00
0.000000000000000000e+00,-5.333590862140000333e+00,1.326428571429999970e+01,0.000000000000000000e+00,8.403771569999999969e+00,-1.955412149999999905e-01
1.090999999999999970e+00,-4.460433550000000302e+00,3.266333333330000244e+01,1.666661699999999913e+00,3.744264330000000029e+00,-5.640869607480000214e-01
9.290000000000000480e-01,-4.446117433330000424e+00,3.209000000000000341e+01,1.001715099999999969e+00,4.721178459999999966e+00,-5.768723641959999648e-01
0.000000000000000000e+00,-4.469038679999999708e+00,1.615333333330000087e+01,0.000000000000000000e+00,2.979464299999999843e-01,-1.119758941269999974e+00
0.000000000000000000e+00,-2.136568115000000212e+00,2.279749999999999943e+01,0.000000000000000000e+00,5.853381330000000382e+00,-1.730464433330000107e-01
0.000000000000000000e+00,-6.708901426669999779e+00,2.047666666670000168e+01,0.000000000000000000e+00,8.769196589999999958e+00,-6.214417366669999776e-01
0.000000000000000000e+00,-9.051898890000000364e+00,9.210000000000000853e+00,0.000000000000000000e+00,9.306087229999999266e+00,-6.496336072220000313e-01
4.615999999999999659e+00,-2.939870920000000165e+00,3.116750000000000043e+01,0.000000000000000000e+00,4.204797699999999749e-01,-1.337808835649999972e+00
8.940000000000000169e-01,-6.030522082500000103e+00,1.171000000000000085e+01,1.500022675000000083e+00,3.224114639999999810e+00,-1.320536470740000023e+00
2.783999999999999808e+00,-6.559761892500000080e+00,1.007249999999999979e+01,7.500704000000000260e-01,3.848089859999999973e+00,-2.330281253809999953e+00
0.000000000000000000e+00,-4.170898864999999844e+00,9.605000000000000426e+00,0.000000000000000000e+00,3.556831180000000092e+00,-7.829585091390000029e-01
0.000000000000000000e+00,-5.631016559999999949e+00,3.435999999999999943e+01,0.000000000000000000e+00,8.071012140000000556e+00,-1.596592214169999968e+00
0.000000000000000000e+00,-3.470829127500000055e+00,2.122749999999999915e+01,0.000000000000000000e+00,6.120266889999999904e+00,-5.985046416670000008e-02
2.432999999999999829e+00,-3.760967589999999916e+00,1.810500000000000043e+01,0.000000000000000000e+00,3.841991890000000076e+00,-1.972772839379999921e+00
0.000000000000000000e+00,-6.611809672499999735e+00,1.826000000000000156e+01,0.000000000000000000e+00,7.720528759999999657e+00,-3.266950249999999722e-01
1.292000000000000037e+00,-7.950824147499999661e+00,2.139249999999999829e+01,0.000000000000000000e+00,6.695306869999999577e+00,-1.452907637270000052e+00
1.421999999999999931e+00,-3.875291189999999997e+00,1.074249999999999972e+01,0.000000000000000000e+00,4.234722699999999840e-01,-4.558042986329999824e-01
2.488999999999999879e+00,-3.222782880000000016e+00,3.442000000000000171e+01,0.000000000000000000e+00,2.211608490000000149e+00,-8.809954716669999852e-01
0.000000000000000000e+00,-6.589096307500000194e+00,1.903500000000000014e+01,1.460760625000000035e+00,8.206180749999999691e+00,-2.013251232760000092e-02
0.000000000000000000e+00,-5.491836147499999932e+00,1.249249999999999972e+01,0.000000000000000000e+00,4.155721100000000057e+00,-6.853739867860000334e-01
0.000000000000000000e+00,-5.729201684999999600e+00,1.638250000000000028e+01,0.000000000000000000e+00,7.980909979999999848e+00,-1.537173906330000062e+00
1.052000000000000046e+00,-4.534682045000000272e+00,1.178999999999999915e+01,0.000000000000000000e+00,1.369661390000000090e+00,-1.677107211790000107e+00
0.000000000000000000e+00,-8.391506112500000114e+00,1.317999999999999972e+01,0.000000000000000000e+00,2.425901539999999912e+00,-1.930886857680000013e+00
1.673999999999999932e+00,-5.874542587499999691e+00,1.022250000000000014e+01,1.250000950000000000e+00,3.509712720000000008e+00,-1.804553751010000040e+00
0.000000000000000000e+00,-4.517222679999999713e+00,2.139000000000000057e+01,0.000000000000000000e+00,7.455781870000000033e+00,-3.776841416669999840e-01
4.239999999999999880e-01,-5.504780722499999612e+00,1.902250000000000085e+01,0.000000000000000000e+00,5.180968169999999873e+00,-5.785029082949999513e-01
0.000000000000000000e+00,-8.374473787499999489e+00,1.876749999999999829e+01,0.000000000000000000e+00,6.218180600000000169e+00,-1.087239669999999991e+00
0.000000000000000000e+00,-3.703723370000000070e+00,2.235333333330000016e+01,1.000088866670000076e+00,2.615123280000000161e+00,-4.827244039160000222e-01
0.000000000000000000e+00,-7.920846870000000095e+00,1.771249999999999858e+01,0.000000000000000000e+00,7.050909629999999595e+00,-9.354085899999999842e-01
0.000000000000000000e+00,-6.158282647500000095e+00,1.614249999999999829e+01,0.000000000000000000e+00,5.516333880000000356e+00,-4.154962034720000030e-01
2.391000000000000014e+00,-8.667660457500000248e+00,1.771750000000000114e+01,0.000000000000000000e+00,1.817744599999999933e+00,-3.190711652780000129e+00
1.859999999999999987e-01,-2.944710322000000158e+00,2.665200000000000102e+01,0.000000000000000000e+00,5.083923590000000381e+00,-3.724020000000000108e-01
0.000000000000000000e+00,-5.363217225999999727e+00,1.310599999999999987e+01,0.000000000000000000e+00,6.316496260000000085e+00,-5.058041046360000070e-01
1.197000000000000064e+00,-5.317598136670000031e+00,2.130999999999999872e+01,9.999991999999999770e-01,4.187655659999999891e+00,-1.367070427650000086e+00
2.049999999999999878e-01,-3.661134908000000188e+00,3.337199999999999989e+01,0.000000000000000000e+00,6.163435060000000298e+00,-1.294084679999999987e-01
0.000000000000000000e+00,-7.545168986000000189e+00,7.387999999999999901e+00,0.000000000000000000e+00,7.757037920000000142e+00,-3.018671546669999817e-01
3.150999999999999801e+00,-4.081610944000000352e+00,1.466399999999999970e+01,0.000000000000000000e+00,1.269682470000000007e+00,-9.187523751509999448e-01
1.915000000000000036e+00,-4.400188808000000229e+00,1.583999999999999986e+01,0.000000000000000000e+00,3.298295159999999893e+00,-1.228743562730000072e+00
0.000000000000000000e+00,-3.618701769999999929e+00,1.805000000000000071e+01,0.000000000000000000e+00,1.236775439999999948e+00,-2.833894795240000097e-01
0.000000000000000000e+00,-4.563054991669999616e+00,2.244999999999999929e+01,0.000000000000000000e+00,5.782029729999999645e+00,-4.739163616670000190e-01
0.000000000000000000e+00,-3.491881949999999790e+00,2.144666666670000055e+01,0.000000000000000000e+00,5.448523129999999881e+00,-3.454900149999999837e-01
0.000000000000000000e+00,-4.639169813329999670e+00,2.253833333329999888e+01,0.000000000000000000e+00,8.096395890000000151e+00,-4.997056716669999732e-01
0.000000000000000000e+00,-4.578791875000000289e+00,2.205333333329999945e+01,0.000000000000000000e+00,5.790912320000000335e+00,-4.905664750000000018e-01
4.570999999999999730e+00,-3.800960083330000128e+00,3.320166666669999955e+01,0.000000000000000000e+00,-2.236059300000000083e-01,-2.290647643919999865e+00
0.000000000000000000e+00,-6.273335975000000175e+00,1.347499999999999964e+01,1.447239833329999892e-01,6.325953250000000416e+00,-4.159749899999999889e-01
2.354999999999999982e+00,-5.704648747500000283e+00,1.126750000000000007e+01,0.000000000000000000e+00,9.522171999999999858e-01,-1.134941817080000082e+00
0.000000000000000000e+00,-5.122237172500000213e+00,1.719000000000000128e+01,0.000000000000000000e+00,8.551612860000000538e+00,-2.903937174999999815e-01
0.000000000000000000e+00,-3.408216309999999805e+00,2.133999999999999986e+01,0.000000000000000000e+00,4.243658289999999944e+00,-6.797404999999999420e-02
1.284000000000000030e+00,-2.576230272500000140e+00,3.465250000000000341e+01,0.000000000000000000e+00,4.706131230000000443e+00,-5.757106631470000346e-01
5.190999999999999837e+00,-5.353397912000000147e+00,7.152000000000000135e+00,0.000000000000000000e+00,2.110170150000000078e+00,-1.909533883759999995e+00
2.790000000000000258e-01,-5.437434737500000281e+00,1.571250000000000036e+01,0.000000000000000000e+00,6.375013970000000363e+00,-6.989033976519999636e-02
0.000000000000000000e+00,-7.869101825000000439e+00,7.962500000000000355e+00,6.543504749999999870e-01,8.108978869999999617e+00,-3.875105679170000039e-01
3.161999999999999922e+00,-7.719895153999999593e+00,1.930799999999999983e+01,0.000000000000000000e+00,2.928989239999999938e+00,-3.254398203750000107e+00
2.446000000000000174e+00,-1.602569314999999994e+00,2.791499999999999915e+01,0.000000000000000000e+00,4.033540000000000042e-02,-7.115155351480000334e-01
0.000000000000000000e+00,-5.091138516000000003e+00,1.362199999999999989e+01,0.000000000000000000e+00,7.024829310000000326e+00,-6.253548159999999800e-01
7.528999999999999915e+00,-6.388363898329999735e+00,9.914999999999999147e+00,0.000000000000000000e+00,1.453862320000000041e+00,-2.141749956810000022e+00
5.483999999999999986e+00,-4.292662090000000319e+00,2.806500000000000128e+01,0.000000000000000000e+00,-2.609984499999999930e-01,-2.672444755979999975e+00
4.956999999999999851e+00,-6.891908936670000152e+00,1.697166666669999913e+01,0.000000000000000000e+00,2.659174220000000144e+00,-3.363331510010000081e+00
4.152000000000000135e+00,-7.075986266670000191e+00,1.917833333329999945e+01,0.000000000000000000e+00,4.903012999999999622e+00,-3.456367215010000216e+00
5.019000000000000128e+00,-6.888133423330000227e+00,1.760999999999999943e+01,0.000000000000000000e+00,2.502803650000000157e+00,-3.339903221680000200e+00
0.000000000000000000e+00,-5.232541750000000214e+00,1.040333333330000087e+01,1.000012383330000088e+00,3.226792520000000053e+00,-2.003270720839999797e+00
0.000000000000000000e+00,-5.659421953329999866e+00,1.670499999999999829e+01,0.000000000000000000e+00,8.571757019999999727e+00,-1.647744778830000090e-01
0.000000000000000000e+00,-7.352524276669999637e+00,9.471666666670000012e+00,6.666694333329999944e-01,3.971657829999999834e+00,-2.133297219530000177e+00
0.000000000000000000e+00,-1.041385739330000071e+01,1.361500000000000021e+01,0.000000000000000000e+00,6.913097149999999580e+00,-1.262465200000000010e-01
0.000000000000000000e+00,-3.867431405000000044e+00,1.015499999999999936e+01,0.000000000000000000e+00,1.639352820000000044e+00,-1.771405150839999942e+00
8.699999999999999956e-01,-3.692691621669999869e+00,1.258833333329999959e+01,0.000000000000000000e+00,2.094038349999999937e+00,-6.671543976610000426e-01
0.000000000000000000e+00,-3.417236429999999991e+00,1.498000000000000043e+01,0.000000000000000000e+00,3.808735959999999920e+00,-6.955514666669999901e-02
5.020999999999999908e+00,-7.640566618330000281e+00,1.348666666669999969e+01,0.000000000000000000e+00,1.998441930000000033e+00,-4.143152832440000211e+00
8.125999999999999446e+00,-5.238802753329999895e+00,9.628333333329999633e+00,0.000000000000000000e+00,7.748772900000000519e-01,-3.855570669170000020e+00
5.939999999999999725e-01,-4.688000771669999622e+00,1.008666666669999934e+01,6.666657166670000301e-01,2.531261820000000107e+00,-1.970084600839999922e+00
0.000000000000000000e+00,-3.983623438329999988e+00,1.250500000000000078e+01,0.000000000000000000e+00,2.416099480000000188e+00,-1.401890600840000056e+00
3.068000000000000060e+00,-5.845592693330000422e+00,1.166333333330000066e+01,0.000000000000000000e+00,3.784285759999999943e+00,-2.212716337379999842e+00
4.010000000000000231e-01,-6.910757443329999639e+00,1.252666666670000062e+01,0.000000000000000000e+00,8.636690919999999494e+00,-7.085792603839999870e-01
0.000000000000000000e+00,-9.742472208329999717e+00,1.370833333330000059e+01,0.000000000000000000e+00,6.554193240000000031e+00,-4.088733833330000095e-02
8.800000000000000044e-01,-6.029149131669999662e+00,1.338000000000000078e+01,0.000000000000000000e+00,7.926858059999999817e+00,-7.179570460590000147e-01
0.000000000000000000e+00,-5.042690286670000077e+00,2.107833333330000158e+01,0.000000000000000000e+00,8.705922599999999179e+00,-1.866604955560000056e-01
2.043000000000000149e+00,-6.433233861669999776e+00,9.220000000000000639e+00,0.000000000000000000e+00,4.376404080000000363e+00,-1.911120845709999960e+00
0.000000000000000000e+00,-3.278038464999999846e+00,2.996999999999999886e+01,0.000000000000000000e+00,3.510767200000000088e+00,-1.199873300000000031e-01
3.799999999999999822e+00,-2.952089686669999935e+00,9.701666666670000438e+00,0.000000000000000000e+00,7.517732400000000093e-01,-1.957494738899999975e-01
0.000000000000000000e+00,-9.187791576669999571e+00,1.867999999999999972e+01,0.000000000000000000e+00,6.038084510000000016e+00,-7.432860183330000092e-01
0.000000000000000000e+00,-6.417291608330000230e+00,1.461500000000000021e+01,2.577999999999999780e-04,5.165030810000000194e+00,-1.455584083329999889e-01
0.000000000000000000e+00,-5.065850225000000151e+00,1.436166666669999969e+01,0.000000000000000000e+00,4.985075300000000098e+00,-3.156167999999999751e-01
0.000000000000000000e+00,-5.703797784999999898e+00,1.448666666669999969e+01,0.000000000000000000e+00,4.871216180000000229e+00,-4.850368233330000223e-01
0.000000000000000000e+00,-3.316063980000000022e+00,2.535500000000000043e+01,0.000000000000000000e+00,3.486175680000000110e+00,-3.077791974999999902e-01
1.008000000000000007e+00,-5.675529345000000170e+00,1.105749999999999922e+01,1.250000800000000023e+00,3.283621960000000062e+00,-1.345418114269999910e+00
2.128000000000000114e+00,-3.915585044999999820e+00,2.035750000000000171e+01,0.000000000000000000e+00,1.768736440000000076e+00,-1.196342656789999959e+00
0.000000000000000000e+00,-1.601498231669999939e+00,1.662500000000000000e+01,0.000000000000000000e+00,3.346257619999999822e+00,-2.434433749999999896e-01
0.000000000000000000e+00,-7.264169058330000261e+00,1.321666666670000012e+01,9.720143333330000246e-01,6.905204050000000038e+00,-1.284209275000000039e-01
0.000000000000000000e+00,-6.902089865789999834e+00,1.214578947370000073e+01,1.297300678949999897e+00,5.438740590000000097e+00,-7.085961657889999765e-02
0.000000000000000000e+00,-4.021759454999999761e+00,1.452333333330000009e+01,0.000000000000000000e+00,4.307334870000000038e+00,-1.608218816670000106e-01
0.000000000000000000e+00,-3.132932540000000099e+00,2.683999999999999986e+01,0.000000000000000000e+00,3.327561830000000054e+00,-7.308794666670000162e-02
0.000000000000000000e+00,-4.410232350000000245e+00,1.951000000000000156e+01,0.000000000000000000e+00,3.769483199999999812e+00,-2.880880674999999891e-01
0.000000000000000000e+00,-3.065571990000000024e+00,2.648000000000000043e+01,0.000000000000000000e+00,3.252342200000000183e+00,-5.749659000000000020e-02
0.000000000000000000e+00,-5.092586566669999648e+00,1.809499999999999886e+01,0.000000000000000000e+00,6.447863289999999914e+00,-5.004667900000000502e-01
0.000000000000000000e+00,-4.585949243329999980e+00,2.170499999999999829e+01,0.000000000000000000e+00,5.741353450000000080e+00,-5.015500499999999695e-01
5.530000000000000471e-01,-3.707072843330000200e+00,2.713333333330000130e+01,3.333333333330000196e-08,5.870194749999999573e+00,-5.575321752930000041e-02
4.801999999999999602e+00,-6.886671113330000260e+00,1.830166666670000097e+01,0.000000000000000000e+00,2.429765880000000156e+00,-3.322117010009999927e+00
3.576999999999999957e+00,-4.509038441669999564e+00,9.380000000000000782e+00,0.000000000000000000e+00,4.683487299999999909e-01,-1.476116675359999908e+00
0.000000000000000000e+00,-7.502254366669999897e+00,1.631500000000000128e+01,0.000000000000000000e+00,8.439606259999999693e+00,-5.675425849999999883e-01
0.000000000000000000e+00,-3.120003343330000067e+00,1.364333333329999931e+01,0.000000000000000000e+00,4.757389869999999910e+00,-1.521426933330000120e-01
0.000000000000000000e+00,-4.582706100000000227e+00,2.114666666669999984e+01,0.000000000000000000e+00,5.691069879999999692e+00,-5.146308083330000116e-01
0.000000000000000000e+00,-3.522916968330000120e+00,2.215666666670000140e+01,0.000000000000000000e+00,4.912810000000000343e+00,-4.161059416669999900e-01
0.000000000000000000e+00,-6.336251934999999946e+00,3.081625000000000014e+01,1.252673474999999925e+00,3.485956840000000057e+00,-1.786115451279999933e+00
0.000000000000000000e+00,-4.571542250000000251e+00,2.064000000000000057e+01,0.000000000000000000e+00,5.816292719999999861e+00,-5.231197333329999921e-01
1.860999999999999988e+00,-1.915191433329999970e+00,3.436666666669999870e+01,0.000000000000000000e+00,2.095489689999999960e+00,-6.123666225289999820e-01
0.000000000000000000e+00,-8.871168329999999713e+00,1.546833333330000038e+01,0.000000000000000000e+00,7.278169209999999723e+00,-2.605115399999999859e-01
0.000000000000000000e+00,-5.804081560000000195e+00,2.151000000000000156e+01,0.000000000000000000e+00,6.672718829999999990e+00,-5.952796733330000256e-01
0.000000000000000000e+00,-6.333431548330000105e+00,1.321000000000000085e+01,0.000000000000000000e+00,5.430455180000000048e+00,-5.407108050000000166e-01
0.000000000000000000e+00,-3.650411725000000107e+00,1.940500000000000114e+01,0.000000000000000000e+00,4.293206249999999891e+00,-1.096655116670000041e-01
2.173000000000000043e+00,-4.556719861999999566e+00,2.612950000000000017e+01,0.000000000000000000e+00,2.488519539999999974e+00,-1.076222329119999932e+00
2.604999999999999982e+00,-5.835268664500000035e+00,1.204950000000000010e+01,1.999857899999999966e-01,4.095799020000000290e+00,-2.200780137350000221e+00
0.000000000000000000e+00,-7.927097457500000388e+00,1.232499999999999929e+01,1.976956099999999938e-01,8.445629179999999181e+00,-2.417571655640000206e+00
0.000000000000000000e+00,-5.868646712000000321e+00,2.570850000000000080e+01,4.904717849999999935e-01,8.088677860000000663e+00,-5.115767629999999899e-01
0.000000000000000000e+00,-8.571973085499999812e+00,1.349099999999999966e+01,4.299542599999999770e-01,8.110726070000000121e+00,-7.265266756670000214e-01
3.000000000000000000e+00,-6.246985179000000166e+00,1.170500000000000007e+01,0.000000000000000000e+00,5.485636490000000087e+00,-2.474759089640000020e+00
2.563000000000000167e+00,-5.421926607999999703e+00,1.555150000000000077e+01,0.000000000000000000e+00,5.689435760000000286e+00,-1.382770333809999919e+00
0.000000000000000000e+00,-7.468166307999999809e+00,1.009549999999999947e+01,4.000140850000000192e-01,4.988339200000000417e+00,-2.501192207729999950e+00
0.000000000000000000e+00,-4.254114583999999866e+00,2.856650000000000134e+01,0.000000000000000000e+00,5.694157109999999911e+00,-3.552444097949999935e-01
2.197999999999999954e+00,-3.368603942500000059e+00,2.634100000000000108e+01,0.000000000000000000e+00,1.845258810000000027e+00,-8.419451911359999707e-01
7.883000000000000007e+00,-5.123162395499999633e+00,1.437800000000000011e+01,0.000000000000000000e+00,-1.793828100000000036e+00,-3.731761357089999898e+00
0.000000000000000000e+00,-7.476984430499999945e+00,1.792599999999999838e+01,4.126730900000000202e-01,5.603138709999999634e+00,-1.252503877419999911e+00
0.000000000000000000e+00,-7.132743590499999620e+00,1.148300000000000054e+01,1.099773324999999913e+00,3.784738990000000136e+00,-2.137501703099999872e+00
0.000000000000000000e+00,-5.630633895499999930e+00,1.365649999999999942e+01,0.000000000000000000e+00,4.124007230000000135e+00,-2.016636245950000017e+00
3.532999999999999918e+00,-2.955616232500000162e+00,1.005899999999999928e+01,0.000000000000000000e+00,7.974060099999999984e-01,-1.849770070010000045e-01
0.000000000000000000e+00,-6.629965078499999720e+00,1.028599999999999959e+01,2.000947299999999984e-01,3.658043290000000169e+00,-2.427152925720000187e+00
0.000000000000000000e+00,-7.944641369000000175e+00,1.216249999999999964e+01,8.000006149999999705e-01,4.383217379999999608e+00,-2.895214709779999840e+00
0.000000000000000000e+00,-7.100139413499999996e+00,1.435399999999999920e+01,1.999743800000000071e-01,3.467531049999999837e+00,-3.134719509640000012e+00
0.000000000000000000e+00,-6.386583693999999589e+00,1.817200000000000060e+01,0.000000000000000000e+00,6.075814320000000102e+00,-4.753550746669999993e-01
0.000000000000000000e+00,-4.984875125500000337e+00,1.296349999999999980e+01,0.000000000000000000e+00,5.294285119999999623e+00,-3.848283407499999975e-01
0.000000000000000000e+00,-6.191253829999999958e+00,9.259499999999999176e+00,4.500421700000000191e-01,4.099420620000000071e+00,-1.651771316480000085e+00
4.568999999999999950e+00,-7.529769384999999815e+00,1.077899999999999991e+01,0.000000000000000000e+00,3.586197340000000011e+00,-2.383958046310000078e+00
3.734999999999999876e+00,-8.136361793500000772e+00,1.341549999999999976e+01,0.000000000000000000e+00,8.627004600000000023e-01,-2.845129711809999851e+00
4.432999999999999829e+00,-3.527229648500000092e+00,2.853450000000000131e+01,0.000000000000000000e+00,-1.223399599999999976e-01,-1.908932776519999930e+00
0.000000000000000000e+00,-6.534873288000000002e+00,1.465300000000000047e+01,0.000000000000000000e+00,7.350885049999999588e+00,-7.779866513330000455e-01
1.407000000000000028e+00,-6.921969085999999827e+00,1.527350000000000030e+01,4.999996500000000038e-02,1.380442509999999956e+00,-2.364234412730000123e+00
1.929000000000000048e+00,-5.374525625999999612e+00,1.115750000000000064e+01,0.000000000000000000e+00,4.530571710000000252e+00,-1.732366667219999989e+00
0.000000000000000000e+00,-7.512063060000000014e+00,1.209350000000000058e+01,1.000013849999999982e-01,8.068976169999999115e+00,-2.802385596140000157e+00
5.435999999999999943e+00,-8.295961459000000815e+00,1.109900000000000020e+01,0.000000000000000000e+00,2.403196149999999864e+00,-3.332656050309999785e+00
3.242999999999999883e+00,-5.514828268999999672e+00,1.142300000000000004e+01,0.000000000000000000e+00,2.464007109999999834e+00,-1.801955936309999950e+00
5.460000000000000409e-01,-6.629906266999999964e+00,1.025099999999999945e+01,1.997157049999999934e-01,3.744468519999999856e+00,-2.427094114219999987e+00
5.200000000000000178e+00,-8.219975638499999349e+00,1.002500000000000036e+01,0.000000000000000000e+00,3.951786680000000107e+00,-3.038821722889999855e+00
3.202999999999999847e+00,-7.842400533000000173e+00,1.353950000000000031e+01,0.000000000000000000e+00,6.829143500000000033e-01,-2.726976252310000071e+00
0.000000000000000000e+00,-6.823611453999999910e+00,1.636799999999999855e+01,2.001838350000000044e-01,1.345168979999999959e+00,-2.847192891140000182e+00
3.138999999999999790e+00,-7.473327890500000237e+00,1.077250000000000085e+01,4.000147000000000008e-01,5.630332469999999923e+00,-2.901480036160000164e+00
0.000000000000000000e+00,-7.446109751999999915e+00,1.078800000000000026e+01,0.000000000000000000e+00,8.612992189999999937e+00,-6.214426166669999585e-01
0.000000000000000000e+00,-6.962042247000000295e+00,1.626000000000000156e+01,0.000000000000000000e+00,5.995737010000000033e+00,-5.706235999999999947e-03
0.000000000000000000e+00,-8.086107179500000797e+00,9.229499999999999815e+00,0.000000000000000000e+00,6.196489839999999916e+00,-4.740398378330000217e-01
0.000000000000000000e+00,-5.755130214500000285e+00,2.554700000000000060e+01,1.475570300000000057e-01,7.054491210000000123e+00,-5.415467425000000112e-01
3.350000000000000200e-01,-6.710220460999999581e+00,1.911799999999999855e+01,5.999728450000000324e-01,5.636519680000000143e+00,-1.562179315949999925e+00
1.854000000000000092e+00,-4.061272390500000107e+00,2.899950000000000117e+01,0.000000000000000000e+00,1.981032609999999972e+00,-4.252020202819999928e-01
3.112999999999999989e+00,-7.216953026999999743e+00,1.684049999999999869e+01,0.000000000000000000e+00,2.199215469999999950e+00,-2.943827225789999780e+00
4.666000000000000369e+00,-8.512217792999999588e+00,1.075099999999999945e+01,0.000000000000000000e+00,2.405820090000000189e+00,-3.309932865309999972e+00
4.578999999999999737e+00,-8.706042024000000268e+00,1.490549999999999997e+01,0.000000000000000000e+00,4.260301069999999690e+00,-3.742522981140000038e+00
1.310999999999999943e+00,-3.411097798500000167e+00,2.638650000000000162e+01,0.000000000000000000e+00,1.224604929999999925e+00,-1.566311776510000087e+00
3.286999999999999922e+00,-7.247211689000000234e+00,1.616250000000000142e+01,0.000000000000000000e+00,2.266801379999999977e+00,-2.986121320790000144e+00
4.416999999999999815e+00,-5.762947267999999568e+00,2.122100000000000009e+01,0.000000000000000000e+00,1.493857140000000028e+00,-2.005047866860000028e+00
0.000000000000000000e+00,-6.695742354500000104e+00,1.871750000000000114e+01,5.998667699999999936e-01,5.692782850000000394e+00,-1.557495550450000099e+00
0.000000000000000000e+00,-6.858813900500000393e+00,1.072150000000000070e+01,0.000000000000000000e+00,6.063123649999999643e+00,-5.641851091670000429e-01
5.671999999999999709e+00,-8.004084684000000394e+00,8.743000000000000327e+00,0.000000000000000000e+00,4.007107139999999568e+00,-3.098411745559999986e+00
0.000000000000000000e+00,-6.710828269500000332e+00,1.960549999999999926e+01,5.999097500000000194e-01,5.576260750000000321e+00,-1.559943462449999929e+00
0.000000000000000000e+00,-6.931004523000000361e+00,1.362899999999999956e+01,0.000000000000000000e+00,6.498622280000000195e+00,-1.275967952140000028e+00
3.250999999999999890e+00,-8.125900468499999363e+00,1.186899999999999977e+01,0.000000000000000000e+00,6.027580659999999924e+00,-3.527059172840000034e+00
3.866000000000000103e+00,-2.800417340500000130e+00,1.020850000000000080e+01,0.000000000000000000e+00,9.893319000000000418e-01,-2.218901033350000052e-01
1.653000000000000025e+00,-5.587870850999999917e+00,2.496499999999999986e+01,0.000000000000000000e+00,-4.058934399999999942e-01,-9.312951987890000227e-01
0.000000000000000000e+00,-7.219108703499999891e+00,1.442249999999999943e+01,2.004306499999999880e-01,4.081914330000000035e+00,-2.618003278139999779e+00
8.529999999999999805e-01,-3.368915555500000103e+00,3.498599999999999710e+01,0.000000000000000000e+00,2.737458900000000028e+00,-4.872546161669999987e-01
1.397000000000000020e+00,-2.905951826499999946e+00,3.170799999999999841e+01,0.000000000000000000e+00,3.599169980000000102e+00,-4.387058350890000180e-01
2.327999999999999847e+00,-7.642403112000000220e+00,1.149349999999999916e+01,0.000000000000000000e+00,1.783728999999999898e+00,-2.686600678480000060e+00
6.570000000000000284e-01,-6.374680032499999704e+00,2.118149999999999977e+01,0.000000000000000000e+00,4.235807849999999597e+00,-2.249285712789999891e+00
1.084000000000000075e+00,-3.173082202999999879e+00,2.990650000000000119e+01,0.000000000000000000e+00,1.178162649999999978e+00,-8.334769572139999472e-01
0.000000000000000000e+00,-7.442301818499999833e+00,1.285350000000000037e+01,1.996183049999999959e-01,8.117370680000000505e+00,-7.010382545000000132e-01
2.001999999999999780e+00,-5.521927310499999741e+00,1.613350000000000151e+01,0.000000000000000000e+00,4.800487460000000262e+00,-1.558829485640000012e+00
0.000000000000000000e+00,-8.977908860999999519e+00,1.131349999999999945e+01,1.999798750000000014e-01,6.193592269999999900e+00,-3.451869101529999817e+00
0.000000000000000000e+00,-6.105972953000000203e+00,1.495350000000000001e+01,0.000000000000000000e+00,7.502726270000000142e+00,-8.037730401670000191e-01
0.000000000000000000e+00,-6.620843667499999974e+00,1.043200000000000038e+01,2.001409500000000119e-01,3.834343459999999926e+00,-2.407458143379999971e+00
0.000000000000000000e+00,-4.590554936500000238e+00,2.206899999999999906e+01,0.000000000000000000e+00,2.627702119999999919e+00,-9.905878022349999812e-01
0.000000000000000000e+00,-7.219294913999999785e+00,1.332649999999999935e+01,1.999448400000000126e-01,4.325392569999999992e+00,-2.636098157140000176e+00
5.240000000000000213e-01,-5.217105863499999607e+00,2.343049999999999855e+01,6.011287899999999684e-01,4.855454860000000039e+00,-4.100149415000000075e-01
0.000000000000000000e+00,-5.434901326500000351e+00,9.377499999999999503e+00,0.000000000000000000e+00,2.481342789999999798e+00,-1.857579248379999992e+00
0.000000000000000000e+00,-7.309723503999999927e+00,1.205949999999999989e+01,1.000006199999999984e-01,7.747441359999999833e+00,-2.455567565509999994e+00
0.000000000000000000e+00,-6.543207839999999997e+00,1.484800000000000075e+01,0.000000000000000000e+00,7.367828629999999990e+00,-7.807885546670000343e-01
1.114000000000000101e+00,-4.062662114000000102e+00,2.639300000000000068e+01,0.000000000000000000e+00,2.765861419999999793e+00,-1.198313220000000040e-01
0.000000000000000000e+00,-6.921850831499999579e+00,1.278550000000000075e+01,0.000000000000000000e+00,6.940735980000000360e+00,-2.223696829640000150e+00
0.000000000000000000e+00,-7.324192415499999775e+00,1.570149999999999935e+01,0.000000000000000000e+00,6.942548190000000119e+00,-6.628709250000000552e-02
5.899000000000000021e+00,-8.172815610500000716e+00,9.811999999999999389e+00,0.000000000000000000e+00,2.607679960000000019e+00,-3.007033317389999905e+00
0.000000000000000000e+00,-6.087841701000000327e+00,1.479049999999999976e+01,0.000000000000000000e+00,7.481669120000000284e+00,-7.960019521669999820e-01
0.000000000000000000e+00,-7.003278098500000048e+00,1.777749999999999986e+01,0.000000000000000000e+00,5.664067969999999619e+00,-6.439483000000000290e-01
3.112999999999999989e+00,-7.776939440999999675e+00,1.602850000000000108e+01,0.000000000000000000e+00,1.940646850000000034e+00,-3.220429989139999893e+00
2.383000000000000007e+00,-4.973036727000000212e+00,1.174849999999999994e+01,0.000000000000000000e+00,2.761689220000000056e+00,-1.111821238759999941e+00
2.206999999999999851e+00,-6.235375981999999873e+00,1.325650000000000084e+01,4.999863900000000028e-01,2.735957539999999799e+00,-3.469791719099999838e+00
4.626999999999999780e+00,-7.431010859999999774e+00,1.228749999999999964e+01,0.000000000000000000e+00,2.017221279999999783e+00,-2.516793095640000200e+00
3.027000000000000135e+00,-5.078399918499999721e+00,1.133399999999999963e+01,0.000000000000000000e+00,1.738726299999999947e+00,-1.398082724780000063e+00
0.000000000000000000e+00,-6.538771567500000437e+00,1.464499999999999957e+01,0.000000000000000000e+00,7.449199479999999873e+00,-7.818849308330000358e-01
0.000000000000000000e+00,-5.436763265999999817e+00,9.409000000000000696e+00,0.000000000000000000e+00,2.451371309999999859e+00,-1.859441187879999902e+00
4.126000000000000334e+00,-8.147452024499999723e+00,1.355000000000000071e+01,0.000000000000000000e+00,2.035283709999999857e+00,-3.493271650640000114e+00
0.000000000000000000e+00,-4.127331605000000181e+00,2.428450000000000131e+01,0.000000000000000000e+00,4.300859390000000282e+00,-3.980420869999999889e-01
2.221000000000000085e+00,-7.960358276500000052e+00,1.261449999999999960e+01,0.000000000000000000e+00,2.059352539999999898e+00,-3.157947806020000137e+00
5.908000000000000362e+00,-6.823110518000000013e+00,1.107000000000000028e+01,0.000000000000000000e+00,2.286922370000000093e+00,-3.098064558329999940e+00
0.000000000000000000e+00,-6.977802370000000032e+00,1.824650000000000105e+01,0.000000000000000000e+00,5.850358869999999989e+00,-7.223092075000000500e-01
2.612999999999999989e+00,-7.633354133000000097e+00,1.133949999999999925e+01,0.000000000000000000e+00,1.826556309999999961e+00,-2.677551699479999936e+00
0.000000000000000000e+00,-6.539895074500000405e+00,1.484099999999999930e+01,4.219765000000000321e-03,7.290626399999999840e+00,-7.774757891669999976e-01
2.310000000000000109e-01,-7.332339296999999867e+00,1.036700000000000088e+01,1.999219799999999991e-01,4.012969820000000354e+00,-3.101688879070000127e+00
0.000000000000000000e+00,-3.802763197500000025e+00,3.949900000000000233e+01,8.016429649999999851e-01,3.455360499999999835e+00,-9.301522422760000186e-01
0.000000000000000000e+00,-7.042746420500000326e+00,1.223249999999999993e+01,9.999789000000000594e-02,6.687321629999999573e+00,-2.522782789139999871e+00
4.610000000000000209e-01,-7.104352148000000255e+00,1.350249999999999950e+01,3.001899049999999791e-01,3.439016919999999811e+00,-2.700314450480000072e+00
2.205000000000000071e+00,-6.728893292999999609e+00,2.385750000000000171e+01,0.000000000000000000e+00,3.226375870000000035e+00,-2.536014594710000125e+00
0.000000000000000000e+00,-5.586089009000000161e+00,1.855099999999999838e+01,0.000000000000000000e+00,3.569031929999999964e+00,-7.624409258119999588e-01
3.926000000000000156e+00,-7.724163951999999611e+00,1.447649999999999970e+01,0.000000000000000000e+00,2.211551490000000175e+00,-3.309143168889999931e+00
2.274999999999999911e+00,-7.655219955999999826e+00,9.627499999999999503e+00,7.500001250000000175e-01,3.018604890000000207e+00,-2.492717420510000004e+00
3.838000000000000078e+00,-7.826231574500000399e+00,1.271899999999999942e+01,0.000000000000000000e+00,2.232639260000000014e+00,-3.466691130390000097e+00
9.140000000000000346e-01,-8.166648365000000354e+00,1.422749999999999915e+01,0.000000000000000000e+00,9.266492859999999609e+00,-4.234159659999999770e-01
0.000000000000000000e+00,-6.713903097000000209e+00,1.880750000000000099e+01,0.000000000000000000e+00,7.063085469999999866e+00,-6.619840165000000498e-01
4.530999999999999694e+00,-8.658523550499999999e+00,1.267099999999999937e+01,0.000000000000000000e+00,2.923000739999999986e+00,-3.763860813640000025e+00
5.709999999999999520e-01,-6.632578825000000400e+00,9.999000000000000554e+00,2.000455800000000006e-01,3.576789649999999821e+00,-2.455301864880000018e+00
9.250000000000000444e-01,-7.336561021999999710e+00,1.038299999999999912e+01,2.000071949999999987e-01,4.022628010000000032e+00,-3.105910604069999970e+00
3.658999999999999808e+00,-7.835257031000000261e+00,1.254400000000000048e+01,0.000000000000000000e+00,2.296612549999999864e+00,-3.479851526390000060e+00
4.546000000000000263e+00,-8.674199327000000181e+00,1.243299999999999983e+01,0.000000000000000000e+00,2.928508470000000141e+00,-3.789330931139999858e+00
4.010000000000000231e-01,-5.841435108499999806e+00,2.504799999999999827e+01,0.000000000000000000e+00,3.767366210000000049e+00,-1.897191438499999938e+00
5.729999999999999538e-01,-6.637030084500000093e+00,1.009450000000000003e+01,1.999829700000000099e-01,3.559332270000000076e+00,-2.441802073379999882e+00
4.525000000000000355e+00,-8.646623040999999787e+00,1.283050000000000068e+01,0.000000000000000000e+00,2.986315970000000153e+00,-3.749664580140000147e+00
1.383000000000000007e+00,-6.323093440000000065e+00,2.227449999999999974e+01,0.000000000000000000e+00,3.560186180000000089e+00,-1.929808246949999972e+00
2.819999999999999840e+00,-5.880798213000000274e+00,1.039000000000000057e+01,2.999892250000000260e-01,1.857938510000000099e+00,-1.850259876470000009e+00
0.000000000000000000e+00,-4.690033344499999757e+00,1.694450000000000145e+01,0.000000000000000000e+00,2.742668329999999877e+00,-1.577818533639999909e+00
4.333000000000000185e+00,-5.093900505499999731e+00,1.751650000000000063e+01,0.000000000000000000e+00,8.252114900000000475e-01,-2.107363728999999797e+00
1.346999999999999975e+00,-3.423798434500000099e+00,3.109450000000000003e+01,0.000000000000000000e+00,3.342518099999999825e-01,-1.351621497380000037e+00
7.679999999999999716e+00,-5.273259887000000035e+00,1.562950000000000017e+01,0.000000000000000000e+00,-2.201564229999999789e+00,-3.560060418920000025e+00
0.000000000000000000e+00,-7.040674872000000306e+00,1.307150000000000034e+01,1.999834349999999872e-01,3.980439889999999981e+00,-2.681871154139999991e+00
3.237000000000000099e+00,-7.274430404000000294e+00,1.562700000000000067e+01,0.000000000000000000e+00,2.334148139999999927e+00,-3.000064237540000178e+00
0.000000000000000000e+00,-4.628897654000000195e+00,1.048150000000000048e+01,1.982163799999999976e-01,5.352175230000000283e+00,-8.918608858840000320e-01
0.000000000000000000e+00,-7.119654596000000168e+00,1.333900000000000041e+01,3.000009499999999885e-01,3.406411649999999902e+00,-2.720796980479999849e+00
0.000000000000000000e+00,-4.057295925000000025e+00,1.197949999999999982e+01,0.000000000000000000e+00,4.365355260000000293e+00,-8.521715500000000276e-02
1.653000000000000025e+00,-8.409391716500000058e+00,1.181649999999999956e+01,4.999994549999999816e-01,4.481914849999999895e+00,-3.301677691650000135e+00
1.532000000000000028e+00,-6.328905228500000035e+00,2.484400000000000119e+01,0.000000000000000000e+00,2.988786399999999954e+00,-6.969801382939999623e-01
2.260000000000000064e-01,-5.632551298500000136e+00,1.116649999999999920e+01,9.986649850000000050e-01,6.044437819999999739e+00,-1.279043049690000045e+00
4.987000000000000099e+00,-8.260612712500000399e+00,1.165750000000000064e+01,0.000000000000000000e+00,2.563305230000000101e+00,-3.284669300810000081e+00
0.000000000000000000e+00,-6.843072090499999760e+00,1.087800000000000011e+01,0.000000000000000000e+00,6.109130259999999701e+00,-5.461475751669999656e-01
3.555000000000000160e+00,-6.254590582499999663e+00,1.155250000000000021e+01,0.000000000000000000e+00,1.778094349999999935e+00,-2.217039091450000221e+00
1.193999999999999950e+00,-5.770415833999999577e+00,1.446400000000000041e+01,0.000000000000000000e+00,3.424774450000000137e+00,-2.022957341140000143e+00
3.891999999999999904e+00,-7.761958858499999891e+00,1.389600000000000080e+01,0.000000000000000000e+00,2.102032390000000195e+00,-3.361629586889999910e+00
0.000000000000000000e+00,-6.817158354000000031e+00,9.851000000000000867e+00,0.000000000000000000e+00,6.150376849999999784e+00,-5.802241326670000143e-01
1.562999999999999945e+00,-6.151022288000000060e+00,1.283150000000000013e+01,2.003081049999999863e-01,2.590356349999999974e+00,-2.052757841070000033e+00
4.573000000000000398e+00,-8.693186085000000674e+00,1.206649999999999956e+01,0.000000000000000000e+00,2.901644160000000028e+00,-3.825150076809999966e+00
0.000000000000000000e+00,-6.851720319500000045e+00,9.998499999999999943e+00,0.000000000000000000e+00,6.141389700000000396e+00,-5.940784208329999982e-01
4.453999999999999737e+00,-8.247368774499999944e+00,1.260100000000000087e+01,0.000000000000000000e+00,1.673893999999999993e+00,-3.179791211309999976e+00
0.000000000000000000e+00,-6.804586615999999921e+00,9.740999999999999659e+00,0.000000000000000000e+00,6.163576540000000215e+00,-5.578280886669999550e-01
4.001999999999999780e+00,-8.745939089500000208e+00,1.298450000000000060e+01,0.000000000000000000e+00,5.387112830000000407e+00,-3.818237383640000093e+00
4.578000000000000291e+00,-8.705727716500000213e+00,1.491399999999999970e+01,0.000000000000000000e+00,4.261833910000000003e+00,-3.742208673639999983e+00
0.000000000000000000e+00,-7.626271634500000118e+00,8.692000000000000171e+00,0.000000000000000000e+00,3.345268540000000179e+00,-2.970123480809999883e+00
4.772000000000000242e+00,-8.693294363499999733e+00,1.197300000000000075e+01,0.000000000000000000e+00,2.874676430000000060e+00,-3.830791003979999942e+00
0.000000000000000000e+00,-4.751007678999999762e+00,1.645599999999999952e+01,0.000000000000000000e+00,6.351296419999999721e+00,-1.477908649999999935e-01
1.413000000000000034e+00,-7.850191672500000273e+00,1.263449999999999918e+01,4.999997600000000153e-01,4.155469929999999756e+00,-2.826725769459999871e+00
3.879000000000000004e+00,-7.813633177499999860e+00,1.310650000000000048e+01,0.000000000000000000e+00,2.333845189999999903e+00,-3.438552487389999968e+00
5.341000000000000192e+00,-6.385865010499999883e+00,8.904999999999999361e+00,0.000000000000000000e+00,1.563857719999999896e+00,-2.054077486120000184e+00
3.806000000000000050e+00,-7.802763331999999608e+00,1.333099999999999952e+01,0.000000000000000000e+00,2.261411789999999922e+00,-3.420121557889999941e+00
0.000000000000000000e+00,-7.360667105000000099e+00,1.198649999999999949e+01,9.999410999999999716e-02,7.315103449999999619e+00,-2.810476234139999807e+00
0.000000000000000000e+00,-1.079438725199999993e+01,1.292050000000000054e+01,2.714999999999999840e-06,7.762177280000000401e+00,-2.997684899999999986e-02
0.000000000000000000e+00,-6.996098667000000049e+00,1.354100000000000037e+01,2.002840150000000097e-01,3.983115300000000136e+00,-2.626673181480000174e+00
0.000000000000000000e+00,-6.252825812000000205e+00,1.907499999999999929e+01,0.000000000000000000e+00,9.749265630000000016e+00,-2.296289004590000016e-01
4.334999999999999964e+00,-6.000114293000000210e+00,9.351499999999999702e+00,0.000000000000000000e+00,2.268646599999999958e-01,-1.338231912889999986e+00
3.334000000000000075e+00,-2.940720337000000129e+00,1.471449999999999925e+01,0.000000000000000000e+00,-2.331464000000000036e-01,-2.188916125010000047e-01
0.000000000000000000e+00,-5.340759078499999646e+00,2.593100000000000094e+01,0.000000000000000000e+00,4.078296080000000323e+00,-5.413317905000000207e-01
2.876999999999999780e+00,-5.815990077999999563e+00,1.312700000000000067e+01,0.000000000000000000e+00,2.694149250000000162e+00,-1.056777107600000098e+00
0.000000000000000000e+00,-7.580715386999999694e+00,1.243549999999999933e+01,1.999270599999999898e-01,1.826192379999999948e+00,-3.272605550140000208e+00
4.328999999999999737e+00,-7.616450290000000400e+00,1.093599999999999994e+01,0.000000000000000000e+00,1.893077689999999924e+00,-2.723500340140000198e+00
2.883000000000000007e+00,-5.815499367500000183e+00,1.311599999999999966e+01,0.000000000000000000e+00,2.649539079999999824e+00,-1.056286397100000052e+00
1.481000000000000094e+00,-8.498088236999999268e+00,1.123499999999999943e+01,3.999994250000000195e-01,5.067605340000000069e+00,-3.269338680070000169e+00
3.120999999999999996e+00,-6.731253541000000062e+00,1.043699999999999939e+01,0.000000000000000000e+00,9.521133999999999986e-01,-1.786708875450000011e+00
0.000000000000000000e+00,-7.187835781499999577e+00,1.378350000000000009e+01,1.999514450000000054e-01,3.833736899999999892e+00,-2.634872088139999846e+00
2.234999999999999876e+00,-6.201903302999999923e+00,1.385749999999999993e+01,4.999838799999999917e-01,3.075750929999999883e+00,-3.305384789600000151e+00
0.000000000000000000e+00,-7.010994238500000364e+00,1.541150000000000020e+01,2.000006900000000087e-01,4.926767739999999840e+00,-2.563594172140000182e+00
0.000000000000000000e+00,-4.349243831999999976e+00,2.360750000000000171e+01,0.000000000000000000e+00,5.239665559999999722e+00,-2.964029300000000089e-01
0.000000000000000000e+00,-6.018599779999999733e+00,2.422100000000000009e+01,0.000000000000000000e+00,4.151962329999999923e+00,-6.479625024999999816e-01
1.875999999999999890e+00,-6.179099362999999734e+00,1.133649999999999913e+01,0.000000000000000000e+00,2.477646060000000094e+00,-1.368063805290000046e+00
6.059000000000000163e+00,-7.124968546999999930e+00,9.534499999999999531e+00,0.000000000000000000e+00,2.090523570000000220e+00,-2.627266497149999935e+00
0.000000000000000000e+00,-6.329137462000000269e+00,1.902499999999999858e+01,0.000000000000000000e+00,6.828737829999999676e+00,-8.595147964999999557e-01
0.000000000000000000e+00,-1.040072378999999936e+00,2.450750000000000028e+01,0.000000000000000000e+00,2.222249440000000131e+00,-1.535490125300000008e-01
0.000000000000000000e+00,-8.927582159500000003e+00,1.169650000000000034e+01,5.185139250000000422e-01,6.011294450000000289e+00,-2.508562579459999942e+00
0.000000000000000000e+00,-8.484314642499999337e+00,1.248450000000000060e+01,1.214008500000000046e+00,8.187333490000000324e+00,-2.172896012930000120e-01
0.000000000000000000e+00,-6.956654114500000041e+00,1.530349999999999966e+01,2.001134350000000062e-01,4.032071710000000309e+00,-2.524625670639999875e+00
0.000000000000000000e+00,-6.931807519500000403e+00,1.004349999999999987e+01,1.818375499999999867e-01,4.166363370000000010e+00,-3.131715676639999835e+00
0.000000000000000000e+00,-6.468411989499999848e+00,9.518000000000000682e+00,4.999767800000000095e-01,4.402218580000000436e+00,-1.790676972480000018e+00
0.000000000000000000e+00,-6.220766493500000216e+00,9.179000000000000270e+00,4.500318750000000256e-01,3.912629480000000104e+00,-1.704995254229999979e+00
0.000000000000000000e+00,-6.470789117499999854e+00,9.467499999999999361e+00,4.999182850000000178e-01,4.465978190000000403e+00,-1.796002016729999928e+00
0.000000000000000000e+00,-6.245375636000000341e+00,9.290499999999999758e+00,4.500597250000000216e-01,3.884659640000000191e+00,-1.711830258730000054e+00
0.000000000000000000e+00,-7.627829398000000261e+00,1.508050000000000068e+01,0.000000000000000000e+00,5.086872800000000083e+00,-2.166493509999999900e-01
0.000000000000000000e+00,-7.644065748500000090e+00,1.437349999999999994e+01,0.000000000000000000e+00,5.309021579999999574e+00,-2.564690314999999998e-01
0.000000000000000000e+00,-6.458724630999999938e+00,9.381500000000000838e+00,4.999346199999999962e-01,4.483569710000000264e+00,-1.792964671230000029e+00
0.000000000000000000e+00,-7.527313054999999586e+00,1.138400000000000034e+01,7.000157550000000173e-01,4.448377159999999719e+00,-2.591544460280000184e+00
6.640000000000000346e-01,-7.510813059500000222e+00,1.252899999999999991e+01,4.999984650000000030e-01,4.425256309999999971e+00,-2.698616441460000015e+00
4.158000000000000362e+00,-6.844607558999999952e+00,1.156700000000000017e+01,0.000000000000000000e+00,1.678822150000000013e+00,-2.481734351810000128e+00
1.701999999999999957e+00,-4.834192785499999978e+00,1.571649999999999991e+01,5.000004049999999811e-01,4.426697800000000127e-01,-2.926467736419999799e+00
6.520000000000000240e-01,-1.028644071749999966e+01,1.291549999999999976e+01,7.675000000000000209e-06,7.118983850000000224e+00,-1.592680096220000063e+00
0.000000000000000000e+00,-7.513340785999999660e+00,1.215300000000000047e+01,3.994332449999999923e-01,7.728300189999999681e+00,-2.463408405930000100e+00
1.957000000000000073e+00,-6.552212970000000247e+00,1.140099999999999980e+01,5.000001250000000175e-01,4.614610729999999883e+00,-2.458779526159999840e+00
0.000000000000000000e+00,-4.326467858000000000e+00,3.698149999999999693e+01,0.000000000000000000e+00,4.357199519999999993e+00,-1.195184787649999913e+00
0.000000000000000000e+00,-6.890139391499999988e+00,1.435849999999999937e+01,2.001241950000000047e-01,3.949499700000000058e+00,-2.505978710639999996e+00
3.427000000000000046e+00,-6.341237659999999998e+00,1.388949999999999996e+01,0.000000000000000000e+00,3.844091500000000217e+00,-2.404023544639999788e+00
0.000000000000000000e+00,-4.629650061999999622e+00,1.044599999999999973e+01,2.009499449999999909e-01,5.504617070000000112e+00,-8.926132938840000142e-01
0.000000000000000000e+00,-7.841850736499999641e+00,1.456150000000000055e+01,1.999637200000000115e-01,4.960105500000000056e+00,-2.883893679639999874e+00
0.000000000000000000e+00,-7.415197689000000203e+00,1.197199999999999953e+01,3.999769599999999925e-01,7.899893829999999895e+00,-2.526429538509999961e+00
1.830000000000000071e+00,-3.663934262999999802e+00,3.321300000000000097e+01,0.000000000000000000e+00,1.348109879999999983e+00,-8.080827645000000503e-01
0.000000000000000000e+00,-6.194283482500000382e+00,1.328350000000000009e+01,7.328494000000000674e-02,1.745397169999999942e+00,-2.659092049389999879e+00
3.838999999999999968e+00,-7.820609199499999775e+00,1.291549999999999976e+01,0.000000000000000000e+00,2.261525509999999795e+00,-3.453827482389999926e+00
0.000000000000000000e+00,-6.865327248999999910e+00,1.415600000000000058e+01,4.127461350000000140e-01,2.284551599999999905e+00,-2.497804558369999928e+00
0.000000000000000000e+00,-6.878235717499999957e+00,1.406150000000000055e+01,4.128478749999999753e-01,2.293204030000000060e+00,-2.510850011370000079e+00
0.000000000000000000e+00,-7.523844605499999894e+00,1.144299999999999962e+01,7.000366099999999481e-01,4.376127580000000350e+00,-2.588076010780000047e+00
0.000000000000000000e+00,-7.531400288000000387e+00,1.145550000000000068e+01,7.000291199999999492e-01,4.373505240000000072e+00,-2.595631693280000096e+00
0.000000000000000000e+00,-7.526320309499999972e+00,1.137149999999999928e+01,7.000330599999999848e-01,4.466388819999999704e+00,-2.590551714780000125e+00
0.000000000000000000e+00,-4.480520017999999993e+00,2.526350000000000051e+01,0.000000000000000000e+00,3.521497870000000141e+00,-4.829651110000000025e-01
0.000000000000000000e+00,-6.190259117000000089e+00,2.070799999999999841e+01,0.000000000000000000e+00,8.060379689999999542e+00,-7.667926030489999878e-01
0.000000000000000000e+00,-4.776840945500000046e+00,2.237300000000000111e+01,0.000000000000000000e+00,5.870405899999999733e+00,-8.857292423200000542e-01
0.000000000000000000e+00,-3.772731684500000071e+00,3.308299999999999841e+01,0.000000000000000000e+00,5.492088080000000261e+00,-7.153896044999999981e-01
0.000000000000000000e+00,-7.585625315499999743e+00,1.660800000000000054e+01,0.000000000000000000e+00,6.987288630000000111e+00,-6.035945923200000118e-01
4.380000000000000004e-01,-6.145762156500000017e+00,1.203100000000000058e+01,0.000000000000000000e+00,7.684583960000000324e+00,-1.215204321639999918e+00
0.000000000000000000e+00,-7.006858461500000246e+00,1.371299999999999919e+01,2.380999999999999870e-04,6.401599860000000142e+00,-1.524932449640000076e+00
2.428999999999999826e+00,-8.516346638999999996e+00,1.093399999999999928e+01,6.000214900000000462e-01,4.222287640000000231e+00,-3.196860499430000058e+00
0.000000000000000000e+00,-5.712988857500000073e+00,2.082000000000000028e+01,0.000000000000000000e+00,9.932038349999999127e+00,-3.222013583689999905e-01
4.176000000000000156e+00,-6.870186239499999736e+00,1.370500000000000007e+01,0.000000000000000000e+00,2.964106469999999938e+00,-2.979055746979999864e+00
4.187000000000000277e+00,-6.855415260000000011e+00,1.583750000000000036e+01,0.000000000000000000e+00,3.982141439999999921e+00,-2.881130104639999967e+00
6.079999999999999849e-01,-6.971109379499999648e+00,1.025999999999999979e+01,1.999549999999999939e-01,3.887460410000000088e+00,-2.395688162379999930e+00
2.157000000000000028e+00,-7.736655261000000117e+00,1.063449999999999918e+01,5.000466350000000171e-01,3.683534840000000088e+00,-2.754006479330000090e+00
8.339999999999999636e-01,-5.218656561000000416e+00,2.165950000000000131e+01,9.999936449999999866e-01,5.498245039999999584e+00,-7.702204198609999830e-01
1.413000000000000034e+00,-3.359979045499999817e+00,1.453899999999999970e+01,0.000000000000000000e+00,-1.687769000000000075e-02,-1.719979497630000020e+00
5.655000000000000249e+00,-6.374487249999999605e+00,9.506000000000000227e+00,0.000000000000000000e+00,1.236983479999999913e+00,-2.058969892619999964e+00
0.000000000000000000e+00,-7.207815662499999831e+00,1.641199999999999903e+01,0.000000000000000000e+00,7.969205370000000066e+00,-9.362032209999999743e-01
0.000000000000000000e+00,-6.458731206000000391e+00,9.606500000000000483e+00,5.000113050000000170e-01,4.380933940000000248e+00,-1.777973672729999954e+00
1.762000000000000011e+00,-2.771022306499999921e+00,1.253700000000000081e+01,0.000000000000000000e+00,1.350679280000000038e+00,-1.665324800120000087e-02
1.239999999999999991e+00,-7.653081859500000306e+00,1.223349999999999937e+01,4.000113049999999837e-01,4.511971090000000295e+00,-2.728607780659999982e+00
0.000000000000000000e+00,-6.467150409000000266e+00,9.423000000000000043e+00,4.999365150000000257e-01,4.489393390000000039e+00,-1.795006651070000014e+00
0.000000000000000000e+00,-6.465250096000000113e+00,9.413000000000000256e+00,4.999809749999999942e-01,4.470689379999999602e+00,-1.794313216900000008e+00
0.000000000000000000e+00,-6.802450347499999772e+00,1.653049999999999997e+01,0.000000000000000000e+00,7.603637019999999858e+00,-9.880541496670000035e-01
2.479999999999999982e-01,-7.086008953500000374e+00,1.047199999999999953e+01,6.000025049999999638e-01,3.184096700000000002e+00,-2.623135194280000082e+00
0.000000000000000000e+00,-4.759988529500000176e+00,1.411899999999999977e+01,0.000000000000000000e+00,5.890485599999999877e+00,-5.688267966540000442e-01
0.000000000000000000e+00,-4.830552854499999604e+00,1.444149999999999956e+01,0.000000000000000000e+00,7.869957420000000425e+00,-6.086478766539999974e-01
0.000000000000000000e+00,-4.758958316000000188e+00,1.436650000000000027e+01,0.000000000000000000e+00,5.829073079999999685e+00,-5.672486451539999752e-01
4.057999999999999829e+00,-3.297850649999999995e+00,2.409149999999999991e+01,0.000000000000000000e+00,-1.882570699999999986e-01,-1.779401307879999949e+00
0.000000000000000000e+00,-6.280160065999999652e+00,1.470850000000000080e+01,0.000000000000000000e+00,5.827359679999999820e+00,-4.322099387769999801e-01
3.693999999999999950e+00,-6.830744404999999908e+00,1.549900000000000055e+01,0.000000000000000000e+00,2.339242959999999982e+00,-2.870361731340000055e+00
4.019000000000000128e+00,-8.343267266499999835e+00,1.297899999999999920e+01,0.000000000000000000e+00,2.463298340000000142e+00,-3.417571952889999931e+00
2.294999999999999929e+00,-4.514814146500000014e+00,2.228099999999999881e+01,0.000000000000000000e+00,3.484377630000000003e+00,-6.505211862349999929e-01
0.000000000000000000e+00,-4.757815111000000208e+00,1.411100000000000065e+01,0.000000000000000000e+00,5.767402070000000158e+00,-5.689491021539999638e-01
0.000000000000000000e+00,-5.732783857500000302e+00,2.448750000000000071e+01,1.195061300000000021e-01,7.235340139999999920e+00,-5.318383884999999811e-01
3.927999999999999936e+00,-5.566066654500000155e+00,1.067500000000000071e+01,0.000000000000000000e+00,4.536444079999999879e+00,-1.878363959639999914e+00
0.000000000000000000e+00,-5.680730019000000297e+00,2.380099999999999838e+01,1.053279800000000016e-01,7.436376499999999723e+00,-5.021495863329999976e-01
0.000000000000000000e+00,-5.025218036000000055e+00,2.445700000000000074e+01,4.516591300000000198e-01,6.459470409999999774e+00,-3.588365079999999985e-01
2.758999999999999897e+00,-5.674270632499999856e+00,1.353299999999999947e+01,0.000000000000000000e+00,6.994789860000000026e+00,-1.661081509640000009e+00
0.000000000000000000e+00,-5.641570481999999664e+00,1.803249999999999886e+01,3.982359100000000263e-01,3.029487360000000074e+00,-6.318653938120000202e-01
7.369999999999999885e-01,-6.646886257500000283e+00,9.849999999999999645e+00,2.000241299999999944e-01,3.543625549999999791e+00,-2.459784991379999841e+00
6.670000000000000373e-01,-5.351651543000000011e+00,1.120149999999999935e+01,4.000025700000000017e-01,6.570591340000000002e+00,-1.274411400880000045e+00
3.568000000000000060e+00,-5.655415106999999608e+00,1.108750000000000036e+01,0.000000000000000000e+00,2.435484499999999997e-01,-1.954673614949999916e+00
0.000000000000000000e+00,-5.902696660000000151e+00,1.778300000000000125e+01,0.000000000000000000e+00,8.161062660000000690e+00,-1.609790011389999886e-01
0.000000000000000000e+00,-7.055130206500000334e+00,1.527500000000000036e+01,3.001432050000000240e-01,3.515049090000000209e+00,-2.588489550639999859e+00
7.830000000000000293e-01,-6.027296644999999842e+00,1.128599999999999959e+01,5.000953049999999900e-01,6.987979310000000055e+00,-1.542828938330000010e+00
1.987999999999999989e+00,-6.053477282500000278e+00,1.228100000000000058e+01,2.999997349999999896e-01,4.556170640000000382e+00,-2.223212313769999948e+00
0.000000000000000000e+00,-7.361777296999999720e+00,1.145899999999999963e+01,7.000533199999999789e-01,4.364172710000000066e+00,-2.609546910110000173e+00
2.394000000000000128e+00,-6.147587714500000189e+00,1.319549999999999912e+01,0.000000000000000000e+00,4.180960459999999657e+00,-2.447518713640000065e+00
4.347999999999999865e+00,-7.037410334999999684e+00,1.380199999999999960e+01,0.000000000000000000e+00,3.029146830000000179e+00,-2.957561552640000091e+00
2.138999999999999790e+00,-5.237465269500000353e+00,1.360549999999999926e+01,0.000000000000000000e+00,3.389352639999999806e+00,-1.527482222139999957e+00
0.000000000000000000e+00,-6.889000735499999806e+00,1.399150000000000027e+01,4.128156150000000246e-01,2.279696110000000164e+00,-2.522188960369999844e+00
0.000000000000000000e+00,-7.948204931000000251e+00,1.152699999999999925e+01,8.000005749999999916e-01,4.695963629999999611e+00,-2.908572612780000011e+00
2.359999999999999876e-01,-7.969264584500000304e+00,1.130049999999999955e+01,8.001093900000000314e-01,4.736363950000000322e+00,-2.941423931280000126e+00
2.037999999999999812e+00,-5.901517406500000007e+00,1.329649999999999999e+01,0.000000000000000000e+00,4.952584749999999758e+00,-1.819237615140000042e+00
1.286000000000000032e+00,-7.553486873499999810e+00,1.125500000000000078e+01,5.999889149999999560e-01,4.612317159999999916e+00,-2.715511337250000157e+00
2.751999999999999780e+00,-5.673823306000000066e+00,1.352549999999999919e+01,0.000000000000000000e+00,7.034230619999999767e+00,-1.660634183139999998e+00
0.000000000000000000e+00,-4.914875948499999758e+00,2.870449999999999946e+01,0.000000000000000000e+00,7.645729610000000065e+00,-2.323287135000000059e-01
3.876999999999999780e+00,-5.864714569500000252e+00,1.425650000000000084e+01,0.000000000000000000e+00,2.232442219999999811e+00,-2.148903616640000180e+00
0.000000000000000000e+00,-4.443965747000000022e+00,4.384100000000000108e+01,1.000031549999999964e-01,4.781032810000000133e+00,-1.519983656780000025e+00
8.159999999999999476e-01,-7.004772432000000215e+00,1.000900000000000034e+01,6.001437200000000471e-01,2.746977670000000149e+00,-2.612995224780000125e+00
0.000000000000000000e+00,-5.256594951500000334e+00,1.743550000000000111e+01,0.000000000000000000e+00,6.084004400000000423e+00,-6.071562105000000154e-01
4.081000000000000405e+00,-8.483066965000000792e+00,1.305450000000000088e+01,0.000000000000000000e+00,1.978389139999999990e+00,-3.722868035139999865e+00
2.520000000000000018e+00,-2.851774853499999818e+00,4.272500000000000142e+01,0.000000000000000000e+00,1.959728579999999942e+00,-1.132759571280000044e+00
0.000000000000000000e+00,-5.594124577999999737e+00,1.114899999999999913e+01,0.000000000000000000e+00,6.403652700000000308e+00,-1.684727443669999936e+00
0.000000000000000000e+00,-5.581091476500000148e+00,1.128850000000000087e+01,0.000000000000000000e+00,6.242543790000000037e+00,-1.684970140419999929e+00
2.395000000000000018e+00,-7.269136049500000141e+00,1.340199999999999925e+01,3.000002500000000238e-01,4.395988840000000231e+00,-2.904766734979999931e+00
0.000000000000000000e+00,-7.382436160500000177e+00,1.122400000000000020e+01,3.000290950000000234e-01,5.620434399999999719e+00,-2.459036174159999977e+00
3.435999999999999943e+00,-7.565612931000000430e+00,1.122700000000000031e+01,0.000000000000000000e+00,3.147622979999999959e+00,-3.040749874139999864e+00
1.042999999999999927e+00,-4.453618142999999918e+00,2.437349999999999994e+01,0.000000000000000000e+00,5.114048229999999862e+00,-6.516034907729999492e-01
0.000000000000000000e+00,-8.161081963000000883e+00,1.809799999999999898e+01,0.000000000000000000e+00,6.544755229999999813e+00,-9.997202892500000049e-01
5.520000000000000462e-01,-7.969906167999999624e+00,1.083600000000000030e+01,8.003018899999999602e-01,4.585639480000000212e+00,-2.978174078779999956e+00
3.944999999999999840e+00,-8.147560584000000716e+00,1.230100000000000016e+01,0.000000000000000000e+00,6.524062900000000553e-01,-2.832037176980000126e+00
0.000000000000000000e+00,-7.353649820000000226e+00,1.143999999999999950e+01,7.000471150000000531e-01,4.377772399999999564e+00,-2.601419433109999790e+00
3.730999999999999872e+00,-7.973946382500000318e+00,1.462899999999999956e+01,0.000000000000000000e+00,1.803530780000000000e+00,-3.217300139309999807e+00
1.098000000000000087e+00,-7.633910162500000318e+00,1.143999999999999950e+01,5.999813299999999794e-01,7.510236169999999767e+00,-2.762895657250000081e+00
1.858000000000000096e+00,-6.408980723500000032e+00,1.284149999999999991e+01,0.000000000000000000e+00,4.957544640000000058e+00,-2.031137024339999986e+00
2.785000000000000142e+00,-5.789479061999999843e+00,1.513299999999999912e+01,0.000000000000000000e+00,5.080203960000000407e+00,-1.633275733300000088e+00
4.129999999999999782e-01,-7.977397090500000232e+00,1.093449999999999989e+01,8.000959549999999698e-01,4.589743549999999672e+00,-2.967713950279999846e+00
0.000000000000000000e+00,-7.597392831999999707e+00,1.026800000000000068e+01,1.399993639999999928e+00,5.206253580000000269e+00,-2.202845037509999937e+00
0.000000000000000000e+00,-7.240266990500000333e+00,7.993500000000000050e+00,0.000000000000000000e+00,9.671731250000000557e+00,2.711130868330000054e-01
4.979000000000000092e+00,-5.159776104499999683e+00,7.152499999999999858e+00,0.000000000000000000e+00,9.736239899999999947e-01,-9.238404627259999558e-01
0.000000000000000000e+00,-6.759239404499999715e+00,1.394749999999999979e+01,0.000000000000000000e+00,4.973212030000000006e+00,-2.678490929999999826e-01
3.358000000000000096e+00,-7.668758451999999615e+00,1.106649999999999956e+01,5.000004350000000208e-01,5.077919660000000057e+00,-2.997918773459999908e+00
0.000000000000000000e+00,-6.429227874999999592e+00,2.476899999999999835e+01,0.000000000000000000e+00,8.219578759999999207e+00,-4.579800875000000215e-01
0.000000000000000000e+00,-6.229820024000000345e+00,2.512500000000000000e+01,0.000000000000000000e+00,4.950309110000000068e+00,-3.340605039999999804e-01
3.395000000000000018e+00,-3.026563480500000125e+00,1.696399999999999864e+01,0.000000000000000000e+00,-1.191565769999999969e+00,-3.993651263349999869e-01
1.304000000000000048e+00,-5.338415331000000208e+00,1.204550000000000054e+01,0.000000000000000000e+00,4.455884679999999598e+00,-1.709109473959999903e+00
0.000000000000000000e+00,-6.260947615000000077e+00,2.460450000000000159e+01,0.000000000000000000e+00,4.925154290000000046e+00,-3.665579400000000265e-01
0.000000000000000000e+00,-5.811048946499999701e+00,2.048499999999999943e+01,0.000000000000000000e+00,7.780938759999999732e+00,-3.696455557359999977e-01
2.265000000000000124e+00,-4.089923192999999735e+00,5.052850000000000108e+01,0.000000000000000000e+00,3.628904099999999966e-01,-1.031673519039999931e+00
3.775999999999999801e+00,-8.111212466499999607e+00,1.580949999999999989e+01,0.000000000000000000e+00,3.126331159999999887e+00,-3.363523591139999880e+00
4.155999999999999694e+00,-4.048209288499999836e+00,2.219450000000000145e+01,0.000000000000000000e+00,2.533340000000000036e-01,-2.167888833380000158e+00
3.719999999999999973e-01,-8.801762079999999600e+00,9.939500000000000668e+00,0.000000000000000000e+00,8.700404660000000234e+00,1.212347709000000107e+00
3.931000000000000050e+00,-8.071322497500000637e+00,1.517399999999999949e+01,0.000000000000000000e+00,3.699914929999999824e+00,-3.281637285309999985e+00
3.860000000000000098e-01,-4.879748608499999918e+00,2.512150000000000105e+01,0.000000000000000000e+00,7.898133750000000397e+00,-7.078105470000000121e-01
0.000000000000000000e+00,-6.797480452500000325e+00,9.637000000000000455e+00,0.000000000000000000e+00,3.842035580000000117e+00,-3.068485161639999959e+00
1.860999999999999988e+00,-7.342853515499999872e+00,1.113000000000000078e+01,4.999109999999999943e-01,3.948118490000000147e+00,-2.700654420829999847e+00
0.000000000000000000e+00,-7.597685625000000442e+00,1.027500000000000036e+01,1.400002879999999950e+00,5.191094409999999826e+00,-2.203137830509999784e+00
0.000000000000000000e+00,-6.450186172999999634e+00,9.650499999999999190e+00,5.000096550000000528e-01,4.346398399999999995e+00,-1.769291655229999982e+00
2.620000000000000107e+00,-7.125795135499999766e+00,1.945449999999999946e+01,0.000000000000000000e+00,3.656268970000000174e+00,-2.849459727180000179e+00
3.089999999999999858e+00,-3.096717526499999984e+00,1.476050000000000040e+01,0.000000000000000000e+00,-2.363383559999999939e+00,-1.081773463349999936e-01
5.533999999999999808e+00,-3.494975295500000190e+00,1.059249999999999936e+01,0.000000000000000000e+00,-2.749782759999999993e+00,1.189319448319999944e-01
4.011999999999999567e+00,-7.612692938000000353e+00,1.813299999999999912e+01,0.000000000000000000e+00,-2.063976450000000185e+00,2.535821768789999972e-02
3.177000000000000046e+00,-3.065107488499999810e+00,1.659299999999999997e+01,0.000000000000000000e+00,-2.304349859999999861e+00,-1.034082460010000010e-01
7.560000000000000053e-01,-7.428118158000000193e+00,1.216549999999999976e+01,0.000000000000000000e+00,5.331196290000000282e+00,-2.337533211139999789e+00
2.060999999999999943e+00,-8.035152476500000418e+00,1.157049999999999912e+01,5.002449599999999608e-01,3.868080640000000070e+00,-2.759303385459999980e+00
6.411999999999999922e+00,-5.328413520999999875e+00,1.031349999999999945e+01,0.000000000000000000e+00,9.094682400000000388e-01,-1.369635936539999932e+00
8.609999999999999876e-01,-7.501264272000000233e+00,1.131799999999999962e+01,0.000000000000000000e+00,5.251514549999999559e+00,-2.439601777810000094e+00
7.830000000000000293e-01,-7.446789398499999990e+00,1.199900000000000055e+01,0.000000000000000000e+00,5.301773050000000431e+00,-2.358500175640000140e+00
2.793000000000000149e+00,-7.374796400000000141e+00,1.308300000000000018e+01,0.000000000000000000e+00,5.304321410000000014e+00,-2.637865051139999917e+00
2.124000000000000110e+00,-3.634271424500000069e+00,2.349050000000000082e+01,0.000000000000000000e+00,3.663907270000000160e+00,-8.562470764299999759e-01
2.057999999999999829e+00,-8.059645464999999120e+00,1.210399999999999920e+01,4.999991449999999782e-01,5.208454090000000036e+00,-2.753963525130000090e+00
3.463000000000000078e+00,-8.006711872000000341e+00,1.387349999999999994e+01,0.000000000000000000e+00,1.978447379999999978e+00,-3.329267170640000106e+00
2.117999999999999883e+00,-7.389184661999999904e+00,1.066499999999999915e+01,5.000081950000000441e-01,3.610878780000000177e+00,-2.773612296000000033e+00
0.000000000000000000e+00,-7.748342430000000114e+00,2.205699999999999861e+01,3.362452450000000259e-01,9.571665960000000695e+00,-5.376018514999999498e-01
2.310999999999999943e+00,-4.618026972000000008e+00,9.911500000000000199e+00,0.000000000000000000e+00,1.525764799999999921e+00,-4.891492367449999934e-01
0.000000000000000000e+00,-4.645990905499999712e+00,1.878600000000000136e+01,0.000000000000000000e+00,7.964219189999999671e+00,-1.198140855000000005e-01
0.000000000000000000e+00,-6.088305855499999808e+00,9.536500000000000199e+00,4.016023200000000126e-01,3.136374940000000056e+00,-2.119430894230000195e+00
6.520000000000000240e-01,-7.530777297000000203e+00,1.234450000000000003e+01,0.000000000000000000e+00,7.660556820000000045e+00,-2.409449105140000214e+00
2.040000000000000036e+00,-8.016000559500000122e+00,1.190750000000000064e+01,4.999552150000000084e-01,4.009176619999999858e+00,-2.726838104130000051e+00
4.785999999999999588e+00,-3.618409279499999798e+00,3.878799999999999670e+01,0.000000000000000000e+00,-9.802320199999999817e-01,-2.306784293519999807e+00
1.653999999999999915e+00,-3.266076175999999887e+00,2.717650000000000077e+01,0.000000000000000000e+00,3.000534679999999899e+00,-6.623249116749999610e-01
1.052999999999999936e+00,-6.019335280499999996e+00,1.132450000000000045e+01,5.002950849999999727e-01,6.647033210000000025e+00,-1.534867573829999943e+00
0.000000000000000000e+00,-6.138442934999999601e+00,1.040450000000000053e+01,0.000000000000000000e+00,5.307922480000000220e+00,-4.066184986670000057e-01
0.000000000000000000e+00,-7.123518044499999924e+00,9.795500000000000540e+00,4.000015149999999742e-01,4.762009250000000193e+00,-2.554688201229999844e+00
3.286999999999999922e+00,-7.481803539500000433e+00,1.676099999999999923e+01,0.000000000000000000e+00,-1.533581199999999978e+00,1.080291051880000047e-01
0.000000000000000000e+00,-6.456306019500000382e+00,9.371000000000000441e+00,4.999136000000000135e-01,4.472307810000000217e+00,-1.788089983229999902e+00
0.000000000000000000e+00,-6.786947033999999768e+00,1.754700000000000060e+01,0.000000000000000000e+00,7.245933449999999887e+00,-9.430804455000000308e-01
4.424999999999999822e+00,-5.027265567999999796e+00,7.663000000000000256e+00,0.000000000000000000e+00,1.297318130000000069e+00,-8.491256859419999969e-01
0.000000000000000000e+00,-7.128885982999999982e+00,9.892500000000000071e+00,4.000127199999999883e-01,4.815652260000000240e+00,-2.542105088730000073e+00
4.144999999999999574e+00,-8.347635781499999297e+00,1.335849999999999937e+01,0.000000000000000000e+00,4.675737200000000371e+00,-3.365872601309999990e+00
0.000000000000000000e+00,-7.641309824999999556e+00,8.258499999999999730e+00,0.000000000000000000e+00,8.968591849999999255e+00,7.112860633329999571e-02
3.068000000000000060e+00,-6.870452372499999960e+00,1.472300000000000075e+01,0.000000000000000000e+00,2.998963910000000066e+00,-2.919347782690000059e+00
0.000000000000000000e+00,-4.474199423499999995e+00,1.717299999999999827e+01,0.000000000000000000e+00,4.766756299999999946e+00,-5.570678077499999770e-01
1.889000000000000012e+00,-3.984485013500000061e+00,1.166450000000000031e+01,0.000000000000000000e+00,1.299715130000000052e+00,-1.766361258809999946e+00
3.910000000000000142e-01,-7.230911195000000014e+00,1.000450000000000017e+01,1.000014399999999970e-01,2.602596829999999972e+00,-2.844364345309999820e+00
3.738999999999999879e+00,-7.147044225000000139e+00,1.327699999999999925e+01,0.000000000000000000e+00,2.965615269999999803e+00,-2.849379305139999818e+00
0.000000000000000000e+00,-4.501419152000000423e+00,9.768000000000000682e+00,0.000000000000000000e+00,3.454637270000000093e+00,-9.532431166749999463e-02
5.197000000000000064e+00,-7.337612305500000431e+00,9.546499999999999986e+00,0.000000000000000000e+00,2.701593610000000201e+00,-2.627026961429999918e+00
0.000000000000000000e+00,-7.046144478499999586e+00,7.883499999999999730e+00,9.200013999999999414e-02,9.332801990000000103e+00,3.670442838329999735e-01
1.969000000000000083e+00,-7.361061861999999678e+00,1.093900000000000006e+01,4.998898099999999900e-01,3.678021910000000005e+00,-2.728657108330000192e+00
0.000000000000000000e+00,-6.930343213499999599e+00,7.930500000000000327e+00,0.000000000000000000e+00,9.157080219999999215e+00,6.559561078329999573e-01
4.160000000000000142e+00,-7.434064732000000397e+00,1.809250000000000114e+01,0.000000000000000000e+00,-2.227406329999999990e+00,1.149129126879999963e-01
0.000000000000000000e+00,-6.641650633500000289e+00,1.138250000000000028e+01,1.826883599999999941e-01,3.998005319999999863e+00,-2.139914310640000039e+00
0.000000000000000000e+00,-9.864305478500000390e+00,1.010950000000000060e+01,0.000000000000000000e+00,7.236635050000000291e+00,-9.860047652179999567e-01
3.620000000000000107e+00,-4.884397682500000393e+00,8.663500000000000867e+00,0.000000000000000000e+00,6.712156200000000128e-01,-2.298362868580000051e-01
1.000999999999999890e+00,-6.428253382500000335e+00,2.325600000000000023e+01,0.000000000000000000e+00,3.990545099999999845e+00,-2.258200992789999972e+00
0.000000000000000000e+00,-6.697180214000000298e+00,1.709900000000000020e+01,0.000000000000000000e+00,6.108782510000000165e+00,-5.269065720000000175e-01
7.680000000000000160e-01,-6.909562576999999983e+00,1.023949999999999960e+01,6.000169699999999828e-01,3.599291780000000163e+00,-2.422940272780000015e+00
0.000000000000000000e+00,-7.286765304500000262e+00,1.575900000000000034e+01,0.000000000000000000e+00,4.885711709999999819e+00,-3.906054412500000184e-01
2.197999999999999954e+00,-6.145284573999999722e+00,1.144200000000000017e+01,2.999502099999999949e-01,4.948177730000000274e+00,-2.261916412270000176e+00
0.000000000000000000e+00,-5.181016581049999736e+00,1.425947368419999961e+01,0.000000000000000000e+00,5.449504509999999691e+00,-1.684889209040000058e+00
1.945000000000000062e+00,-6.673956506999999760e+00,2.147400000000000020e+01,0.000000000000000000e+00,4.025867739999999806e+00,-2.191542057950000011e+00
3.403000000000000025e+00,-4.271972246999999889e+00,1.514400000000000013e+01,0.000000000000000000e+00,4.331626100000000035e-01,-1.451575657599999958e-01
1.167999999999999927e+00,-6.980758853000000208e+00,1.062800000000000011e+01,1.500000769999999983e+00,5.482008659999999978e+00,-1.865124781800000076e+00
0.000000000000000000e+00,-5.717365878999999929e+00,1.478299999999999947e+01,0.000000000000000000e+00,6.839203829999999762e+00,-5.727661516730000457e-01
3.360000000000000209e-01,-2.972321250999999886e+00,2.211649999999999849e+01,0.000000000000000000e+00,2.251420089999999874e+00,-2.900151499929999876e-01
2.472999999999999865e+00,-5.198914286499999982e+00,1.104499999999999993e+01,3.997991850000000014e-01,6.662570239999999977e+00,-1.288152523049999942e+00
1.784999999999999920e+00,-3.592386006499999951e+00,2.304949999999999832e+01,0.000000000000000000e+00,3.699730939999999801e+00,-7.856280704300000473e-01
0.000000000000000000e+00,-6.798413544499999794e+00,1.218900000000000006e+01,9.999985499999999861e-02,4.854241280000000103e+00,-2.411058205639999841e+00
3.004999999999999893e+00,-8.213667758999999791e+00,1.288150000000000084e+01,0.000000000000000000e+00,1.056420920000000097e+00,-2.918467204730000208e+00
0.000000000000000000e+00,-5.495142004499999899e+00,2.222050000000000125e+01,0.000000000000000000e+00,4.496686669999999886e+00,-2.087630784169999920e+00
4.224999999999999645e+00,-5.936555256500000155e+00,1.354499999999999993e+01,0.000000000000000000e+00,-3.502846099999999963e-01,-1.439210787099999944e+00
1.749000000000000110e+00,-7.727820709000000399e+00,1.101549999999999940e+01,3.000534799999999835e-01,2.662470529999999780e+00,-2.214497063610000094e+00
0.000000000000000000e+00,-6.009357027500000115e+00,1.121499999999999986e+01,0.000000000000000000e+00,3.640696279999999785e+00,-1.976153215110000083e+00
1.479999999999999982e+00,-3.961043060500000212e+00,2.799350000000000094e+01,0.000000000000000000e+00,2.763965289999999797e+00,-3.525149466149999911e-01
0.000000000000000000e+00,-7.249904584000000263e+00,1.061100000000000065e+01,1.999714099999999883e-01,4.879413399999999790e+00,-2.924409069070000200e+00
0.000000000000000000e+00,-7.137880537000000025e+00,9.656000000000000583e+00,4.000003449999999794e-01,4.739815019999999990e+00,-2.559226387729999885e+00
0.000000000000000000e+00,-3.266409485500000098e+00,1.650550000000000139e+01,0.000000000000000000e+00,7.352923449999999583e+00,-4.198845250000000223e-02
2.648000000000000131e+00,-5.189605264499999926e+00,1.228550000000000075e+01,0.000000000000000000e+00,1.783860640000000108e+00,-2.007565274590000115e+00
2.504000000000000004e+00,-4.820435561000000035e+00,1.146400000000000041e+01,0.000000000000000000e+00,2.963851619999999798e+00,-1.764633881289999984e+00
0.000000000000000000e+00,-4.128909426499999924e+00,3.889800000000000324e+01,0.000000000000000000e+00,4.026227360000000033e+00,-1.345300155529999930e+00
8.389999999999999680e-01,-7.470829989500000323e+00,1.171749999999999936e+01,0.000000000000000000e+00,5.167783789999999655e+00,-2.392335107640000125e+00
4.161999999999999922e+00,-8.303975565500000044e+00,1.380850000000000044e+01,0.000000000000000000e+00,2.011385100000000037e+00,-3.450723063139999880e+00
1.330999999999999961e+00,-4.543424770999999751e+00,1.375949999999999918e+01,0.000000000000000000e+00,2.006312240000000191e+00,-5.519704016790000223e-02
2.291999999999999815e+00,-7.655392939999999591e+00,9.642500000000000071e+00,7.500002449999999543e-01,2.953829230000000194e+00,-2.491630223840000102e+00
3.746999999999999886e+00,-7.262502315999999958e+00,1.344299999999999962e+01,0.000000000000000000e+00,3.675823480000000032e+00,-3.238387917689999895e+00
0.000000000000000000e+00,-5.675375779500000384e+00,2.176300000000000168e+01,0.000000000000000000e+00,4.601202670000000161e+00,-2.198335125109999844e+00
0.000000000000000000e+00,-6.344180996000000405e+00,1.120100000000000051e+01,3.213107550000000034e-01,5.348583419999999755e+00,-1.425626061140000012e+00
9.340000000000000524e-01,-8.115732525000000308e+00,1.218449999999999989e+01,6.000000149999999977e-01,7.513501289999999777e+00,-3.113830291419999785e+00
1.568000000000000060e+00,-6.813580062999999853e+00,1.162199999999999989e+01,6.000460499999999975e-01,7.226802209999999782e+00,-1.992274998430000110e+00
0.000000000000000000e+00,-2.550367637499999951e+00,3.042449999999999832e+01,0.000000000000000000e+00,4.988585959999999986e+00,-2.958169628330000189e-01
0.000000000000000000e+00,-3.650490805500000047e+00,1.112599999999999945e+01,0.000000000000000000e+00,1.846242069999999957e+00,-1.579053946759999993e+00
4.516000000000000014e+00,-5.914050323999999748e+00,1.542750000000000021e+01,0.000000000000000000e+00,2.709056100000000189e-01,-1.438447567599999921e+00
5.769999999999999574e-01,-7.591247336000000345e+00,1.298649999999999949e+01,2.999995500000000037e-01,6.869481099999999785e+00,-2.672553710809999927e+00
5.230000000000000204e-01,-7.362789767999999846e+00,1.285350000000000037e+01,3.000004749999999887e-01,6.261736599999999875e+00,-2.646703184810000220e+00
0.000000000000000000e+00,-5.099395191000000160e+00,2.042399999999999949e+01,1.997318750000000032e-01,4.184579480000000018e+00,-6.023971780689999500e-01
0.000000000000000000e+00,-4.907433819000000419e+00,1.451249999999999929e+01,4.772057299999999946e-01,5.477657800000000243e+00,-2.484566396360000096e-01
5.759999999999999787e+00,-6.798434808999999746e+00,9.449500000000000455e+00,0.000000000000000000e+00,1.307918689999999939e+00,-2.597768156289999908e+00
0.000000000000000000e+00,-7.046172538999999624e+00,1.425300000000000011e+01,1.432632650000000007e-01,4.157873069999999949e+00,-2.365722315809999809e+00
0.000000000000000000e+00,-5.320069370999999769e+00,1.399600000000000044e+01,0.000000000000000000e+00,2.775682649999999807e+00,-1.542466682109999931e+00
0.000000000000000000e+00,-7.210958776000000015e+00,1.809450000000000003e+01,3.845296950000000047e-01,8.565218520000000169e+00,-1.207334111950000066e+00
0.000000000000000000e+00,-7.262958183000000290e+00,7.911500000000000199e+00,0.000000000000000000e+00,9.337284900000000221e+00,5.626058933330000400e-01
0.000000000000000000e+00,-7.440465319000000299e+00,9.209500000000000242e+00,0.000000000000000000e+00,9.249160460000000583e+00,1.660887674500000077e+00
0.000000000000000000e+00,-7.623365529500000015e+00,1.031349999999999945e+01,1.399998744999999989e+00,5.876143690000000142e+00,-2.221131923759999793e+00
4.326999999999999957e+00,-5.924434636500000018e+00,1.318299999999999983e+01,0.000000000000000000e+00,2.748160389999999786e+00,-2.155520490639999842e+00
0.000000000000000000e+00,-7.258708619000000084e+00,1.028550000000000075e+01,1.400014080000000050e+00,5.812738799999999983e+00,-1.904167602510000057e+00
6.590000000000000302e-01,-7.492918206499999734e+00,1.260999999999999943e+01,3.000062050000000258e-01,4.599735289999999921e+00,-2.607263550309999900e+00
6.229999999999999982e-01,-4.106120019999999649e+00,2.532900000000000063e+01,0.000000000000000000e+00,3.833175080000000179e+00,-2.261049331149999897e-01
1.088000000000000078e+00,-4.676703358000000144e+00,2.615950000000000131e+01,0.000000000000000000e+00,2.880517960000000155e+00,-1.819467279749999999e+00
2.861000000000000210e+00,-7.805566923499999810e+00,1.211350000000000016e+01,0.000000000000000000e+00,5.725963229999999626e+00,-3.236952867339999873e+00
6.500000000000000222e-01,-4.807263771499999727e+00,2.535900000000000176e+01,9.999744849999999685e-01,4.434471679999999694e+00,-5.331007141060000176e-01
0.000000000000000000e+00,-7.258414022000000188e+00,1.028100000000000058e+01,1.400011729999999899e+00,5.821659640000000024e+00,-1.903873005509999938e+00
1.558000000000000052e+00,-7.321065309999999826e+00,1.234450000000000003e+01,0.000000000000000000e+00,2.438899859999999808e+00,-2.157164961079999888e+00
6.230999999999999872e+00,-5.358562339999999757e+00,1.408799999999999919e+01,0.000000000000000000e+00,-1.162112830000000097e+00,-3.413817179630000087e+00
4.032000000000000028e+00,-6.821662135000000404e+00,1.420049999999999990e+01,0.000000000000000000e+00,2.960049499999999778e+00,-2.916935366640000193e+00
3.954000000000000181e+00,-6.829097074999999961e+00,1.466399999999999970e+01,0.000000000000000000e+00,4.074677190000000060e+00,-2.902953651639999855e+00
5.979999999999999760e-01,-5.377620390499999736e+00,1.048199999999999932e+01,1.500179700000000005e-01,4.770894679999999610e+00,-1.044302481349999923e+00
2.005999999999999783e+00,-4.537451381500000380e+00,2.424849999999999994e+01,0.000000000000000000e+00,3.875703179999999914e+00,-5.862816005690000276e-01
4.022000000000000242e+00,-3.210720413499999815e+00,3.631949999999999790e+01,0.000000000000000000e+00,-1.237565250000000061e+00,-1.092693711199999917e+00
0.000000000000000000e+00,-1.697334386999999944e+00,2.753999999999999915e+01,0.000000000000000000e+00,4.989444950000000212e+00,-2.731803865299999856e-01
2.922000000000000153e+00,-7.302749371500000031e+00,1.061550000000000082e+01,2.999159499999999867e-01,5.003188540000000017e+00,-2.843360815930000118e+00
2.575000000000000178e+00,-7.374369063499999655e+00,1.307949999999999946e+01,0.000000000000000000e+00,5.308201200000000064e+00,-2.637437714639999875e+00
0.000000000000000000e+00,-3.310049070999999898e+00,2.505249999999999844e+01,0.000000000000000000e+00,5.697919559999999883e+00,-5.747467910000000346e-01
9.310000000000000497e-01,-6.980277875499999674e+00,1.183150000000000013e+01,1.499997669999999950e+00,4.971736199999999606e+00,-1.863257963429999942e+00
0.000000000000000000e+00,-5.344585595999999938e+00,1.503850000000000087e+01,0.000000000000000000e+00,2.666391760000000222e+00,-1.542912041109999910e+00
3.448999999999999844e+00,-5.623334376999999940e+00,1.003850000000000087e+01,0.000000000000000000e+00,-2.354675599999999924e-01,-2.695337492889999798e+00
2.157000000000000028e+00,-5.118133463000000383e+00,8.615000000000000213e+00,5.005595499999999920e-02,2.072944779999999820e+00,-7.977948067879999661e-01
0.000000000000000000e+00,-4.110023599499999847e+00,1.693049999999999855e+01,0.000000000000000000e+00,4.212513640000000059e+00,-4.601125167499999780e-01
6.320000000000000284e+00,-4.548961764000000407e+00,1.144200000000000017e+01,0.000000000000000000e+00,-1.585596339999999937e+00,-1.855172748800000049e+00
5.838000000000000078e+00,-7.087791939999999791e+00,1.202849999999999930e+01,0.000000000000000000e+00,5.681273799999999596e-01,-2.609468600110000036e+00
4.916999999999999815e+00,-5.283843421000000262e+00,1.419200000000000017e+01,0.000000000000000000e+00,6.046956199999999892e-01,-3.208164010129999966e+00
